candidata,ofensa,ofensivo,canddef
Janaina Paschoal | Senado | S√£o Paulo,@JanainaDoBrasil Meoooooodeosss ü§¶üèº‚Äç‚ôÄÔ∏è... que rid√≠cula üôàüôà https://t.co/7OL9wFs2mc,SIM,Janaina Paschoal
Janaina Paschoal | Senado | S√£o Paulo,"@emiliomoreno Tom√¥?! @JanainaDoBrasil 
Do Brasil vc s√≥ tem o nome grafado na vergonha da hist√≥ria.",SIM,Janaina Paschoal
Janaina Paschoal | Senado | S√£o Paulo,"@JanainaDoBrasil Come√ßa a chorar agora, por favor.",N√ÉO,Janaina Paschoal
Janaina Paschoal | Senado | S√£o Paulo,"@JanainaDoBrasil @Rubar2711 Hahahahhahaha, qual √© a piadista ai: Rute ou Raquel? Vc est√° t√£o desmoralizada que aceitou ter 2 personalidades.",SIM,Janaina Paschoal
Janaina Paschoal | Senado | S√£o Paulo,@JanainaDoBrasil Vc vai ser eleita ao ostracismo sua doida mal amada,SIM,Janaina Paschoal
Janaina Paschoal | Senado | S√£o Paulo,"@CapitulinoMr @Jefeslipknot_ @PoeiraParda @aamandapbaptis @brsalles @JanainaDoBrasil Como que vai ser estatal se o Estado √© laico? Que pergunta idiota, bicho.",N√ÉO,Janaina Paschoal
Janaina Paschoal | Senado | S√£o Paulo,"@JanainaDoBrasil L√≥gico, vcs devem compartilhar a mesma tarja preta!",SIM,Janaina Paschoal
Janaina Paschoal | Senado | S√£o Paulo,"@JanainaDoBrasil Vc consegue desagradar a todos os lados, os esquerdistas, direitistas e at√© isent√µes... Ngm sabe de que lado vc est√°",N√ÉO,Janaina Paschoal
Janaina Paschoal | Senado | S√£o Paulo,"@JanainaDoBrasil Cala boca ,Magda! T√° fazendo campanha pro PT e pra corrup√ß√£o?",SIM,Janaina Paschoal
Janaina Paschoal | Senado | S√£o Paulo,"@JanainaDoBrasil Os dois lados foram golpes de estados Branco.
Os dois merecem o impeachment com pris√µes, ap√≥s elei√ß√µes...
N√£o resta d√∫vida..
Maior genocidio constitucional leva corruptos pol√≠ticos ao poder... https://t.co/BCAFLerR6C",N√ÉO,Janaina Paschoal
Janaina Paschoal | Senado | S√£o Paulo,@JanainaDoBrasil Pega a doida.,SIM,Janaina Paschoal
Janaina Paschoal | Senado | S√£o Paulo,"@JanainaDoBrasil Pelamordedeus!!!. Vc virou uma versao humana daquela retardada da Hasselmann. Se perdeu no caminho, nao teve orientacao correta, e nao sabe o que fazer. Mas nao √© uma idiota mentecapta como a outra. Mas est√° perdida. Acabou quando prop√¥s impeachman do Bolsonaro. Ali, se foi.",SIM,Janaina Paschoal
Janaina Paschoal | Senado | S√£o Paulo,"@lulinhalivreja @JanainaDoBrasil Agora que voc√™ avisou ei vou l√° botar outra vez nela para ver se ela fa√ßa exatamente isto.
Mas o problema do Lula n√£o ser√° ela e sim ele mesmo, sem condi√ß√µes e capacidade moral, intelectual de se eleger.",N√ÉO,Janaina Paschoal
Janaina Paschoal | Senado | S√£o Paulo,"@JanainaDoBrasil Essa peste n√£o ganhou em primeiro turno nem quando n√£o sab√≠amos que saqueava o pa√≠s, imagina agora que todos sabem que ele √© um bandido ladr√£o desgra√ßado. Conforme pesquisas em 2018 o presidente √© o Haddad, a nem que pregui√ßa dessa Raquel viu.",N√ÉO,Janaina Paschoal
Janaina Paschoal | Senado | S√£o Paulo,"@JanainaDoBrasil N√£o adianta gostar desse padre e a sua confiss√£o com ele n√£o valer nada! 

Bom, talvez voc√™ goste dele justamente por isso, ele n√£o tem poder contra bruxas!",SIM,Janaina Paschoal
Janaina Paschoal | Senado | S√£o Paulo,"@JanainaDoBrasil Que nojo. Ainda bem que o tempo do cinismo t√° acabando nesse pa√≠s. Gra√ßas a Deus e ao povo brasileiro. Tchau, querida!",SIM,Janaina Paschoal
Janaina Paschoal | Senado | S√£o Paulo,@JanainaDoBrasil Participou do golpe e quer ser vestal? Acabou bruxa.nao chega nem perto.,SIM,Janaina Paschoal
Janaina Paschoal | Senado | S√£o Paulo,@JanainaDoBrasil J√° agradeceram hoje a Deus por essa louca n√£o ter aceitado ser vice presidente?,SIM,Janaina Paschoal
Janaina Paschoal | Senado | S√£o Paulo,@JanainaDoBrasil Sai da√≠ sua maluca vai ser varrida da vida p√∫blica,SIM,Janaina Paschoal
Janaina Paschoal | Senado | S√£o Paulo,"@JanainaDoBrasil Miriam porca!!!! Esquerdista, militante acabaram as mordomias para ela e muitos outros. Dia 02/10 eles ir√£o ver e ter√£o que anunciar""BOLSONARO REELEITO"" MAS.....",SIM,Janaina Paschoal
Janaina Paschoal | Senado | S√£o Paulo,"@JanainaDoBrasil Pelo amor de Deus mulher,deixe de ser idiota!",SIM,Janaina Paschoal
Janaina Paschoal | Senado | S√£o Paulo,@JanainaDoBrasil N√£o acreditamos nessas pesquisas mentirosas tendenciosas sujas compradas https://t.co/5mzi5gFeBw,N√ÉO,Janaina Paschoal
Janaina Paschoal | Senado | S√£o Paulo,"@JanainaDoBrasil O Loola est√° emprestando a garrafinha de √°gua dele para voc√™ beber?
T√° louca ela n√£o ser√° nunca mais presidente dessa na√ß√£o!",SIM,Janaina Paschoal
Janaina Paschoal | Senado | S√£o Paulo,@JanainaDoBrasil Todo terra planista gosta de avacalhar tudo dizem ser s√©rios mais n√£o passam de patetas,SIM,Janaina Paschoal
Janaina Paschoal | Senado | S√£o Paulo,"@JanainaDoBrasil Vc cavou esse buraco, agora sufoque nele. N√£o t√° com medo de ir pro inferno pelo falso q levantou contra Dilma n√£o?
Vem julgamento de Deus por a√≠, viu",SIM,Janaina Paschoal
Janaina Paschoal | Senado | S√£o Paulo,@JanainaDoBrasil ‚ÄúD√° nojo. Esses gays e l√©sbicas querem que n√≥s a maioria entubemos como exemplo de comportamento a sua promiscuidade‚Ä¶ N√≥s n√£o podemos nos submeter aos esc√°rnio da sociedade‚Äù,N√ÉO,Janaina Paschoal
Janaina Paschoal | Senado | S√£o Paulo,"@JanainaDoBrasil Se voc√™ gosta at√© no milic@,n√£o ia gostar do fake. Conta uma nova que essa t√° velha.",SIM,Janaina Paschoal
Janaina Paschoal | Senado | S√£o Paulo,"@JanainaDoBrasil Eu tamb√©m!

Se eu n√£o fosse uma girassol, rob√¥, bolsominion e q adora o gov. Bolsonaro, votava no Padre üòÖ

#BolsonaroNoPrimeiroTurno",N√ÉO,Janaina Paschoal
Janaina Paschoal | Senado | S√£o Paulo,"@JanainaDoBrasil Pensa  que eu  chorei com o golpe na DILMA, com a pris√£o injusta do LULA e com a derrota do Haddad,

chorar com LULA PRESIDENTE amanh√£, ser√° uma  lavagem na minha e na sua alma.
Dias melhores para sempre! 
L  @LulaOficial ! https://t.co/cxDDUfsr4Y",N√ÉO,Janaina Paschoal
Janaina Paschoal | Senado | S√£o Paulo,"@JanainaDoBrasil Mulher, leia sempre os seus tweets e entenda, de uma vez por todas, o porqu√™ a Sra √© um fracasso!",SIM,Janaina Paschoal
Janaina Paschoal | Senado | S√£o Paulo,@JanainaDoBrasil Para dr faler merda fia.,SIM,Janaina Paschoal
Janaina Paschoal | Senado | S√£o Paulo,@JanainaDoBrasil Pra mim vc t√° fazendo jogo pra ver se sobra uma boquinha caso o bebum se eleja . Voc√™ vai conforme o vento,SIM,Janaina Paschoal
Janaina Paschoal | Senado | S√£o Paulo,"@JanainaDoBrasil Claro. Minha avers√£o a Bolsonaro n√£o significa que darei meu voto a um porco corrupto como Lula e quejandos. Jamais. Voto em Tebet, e, no 2¬∫ turno, embarco para Saturno.",N√ÉO,Janaina Paschoal
Janaina Paschoal | Senado | S√£o Paulo,@JanainaDoBrasil √â louca!,SIM,Janaina Paschoal
Janaina Paschoal | Senado | S√£o Paulo,"@JanainaDoBrasil E a vergonha, o Or√ßamento Secreto, a senhora como Jurista n√£o consegue fazer nada?",N√ÉO,Janaina Paschoal
Janaina Paschoal | Senado | S√£o Paulo,"@JanainaDoBrasil Doutora, eu votei em voc√™, mas creio que o povo optou pelo astronauta como forma de combater o comunista. Tenho certeza que voc√™ seria important√≠ssima no encaminhamento de um necess√°rio impeachment de determinado(s) ministro(s) do STF. Mas creio que seu apoio ao Bozo √â importante",N√ÉO,Janaina Paschoal
Janaina Paschoal | Senado | S√£o Paulo,@JanainaDoBrasil A senhora √© mais louca q ele n√©...,SIM,Janaina Paschoal
Janaina Paschoal | Senado | S√£o Paulo,"@JanainaDoBrasil 222 Marcos Pontes
O resto √© apoiador do ladr√£o",N√ÉO,Janaina Paschoal
Janaina Paschoal | Senado | S√£o Paulo,"@MouraRisso @Yasannyaminnye @JanainaDoBrasil O papagaio de miliciano acreditou em mais uma imbecilidade kkkkkkkkk

Kit gay
Pandemia n√£o existiu
Vacina causa AIDS e n funciona
Cloroquina
Terra plana
M√°scara n√£o funciona
Corrup√ß√£o acabou 
Lula vai fechar igreja
N sabia da corrup√ß√£o no MEC
Fraude nas urnas kkkkkkkk",N√ÉO,Janaina Paschoal
Janaina Paschoal | Senado | S√£o Paulo,"@MFCarletti @ar_adriano @JanainaDoBrasil Meu filho vc n√£o sabe l√™? Eu falei ele n√£o √© bispo, ok. E da√≠ importante que ele estava l√° e falou tudo que desejamos falar a muito tempo para o ladr√£o. E para de tentar me agredir kkkk pq n√£o est√° conseguindo n√£o. Mas aprenda ler ok.",N√ÉO,Janaina Paschoal
Janaina Paschoal | Senado | S√£o Paulo,"@JanainaDoBrasil Onde mesmo que a constitui√ß√£o est√° sendo cumprida?
Quantos atos inconstitucionais mais os queridos Senadores v√£o esperar para agirem? Alternativas:
A) medo porque devem 
B) covardes
C) c√∫mplices dos crimes 
Qual ser√° a alternativa correta?",N√ÉO,Janaina Paschoal
Janaina Paschoal | Senado | S√£o Paulo,"@JanainaDoBrasil Sua refer√™ncia bate, voc√™ gosta de Bolsonaro.
Tem que ser tarja preta pra tratar isso.",SIM,Janaina Paschoal
Janaina Paschoal | Senado | S√£o Paulo,"@JanainaDoBrasil Vai perder, sua maluca. Vai voltar para o anonimato sua desequilibrada. Que volte para o esgoto e suma!!",SIM,Janaina Paschoal
Janaina Paschoal | Senado | S√£o Paulo,@JanainaDoBrasil Bolsonaro √© o melhor presidente da hist√≥ria brasileira est√° encomodando todo o sistema corrupto da justi√ßa e da  imprensa marron  do Brasil .,N√ÉO,Janaina Paschoal
Janaina Paschoal | Senado | S√£o Paulo,"@MireleNogueira3 @ar_adriano @JanainaDoBrasil burra por n√£o ler e n√£o pesquisar,  mau car√°ter por espalhar fake News e ot√°ria por se sujeitar a esse rid√≠culo por algu√©m t√£o insignificante. https://t.co/0GBfvrmbp3",SIM,Janaina Paschoal
Janaina Paschoal | Senado | S√£o Paulo,"@gslopes1967 @JanainaDoBrasil Na minha humilde opini√£o (de quem votou/fez campanha p/ a dita) ela est√° sendo desde que tomou posse (muito mais ainda nessa campanha) uma egocentrica. Me arrependo muito; me entristece mais a decep√ß√£o com essa do que c/ o calcinha, a peppa e o dito major que j√° foi p/ o ""olimpo""",SIM,Janaina Paschoal
Janaina Paschoal | Senado | S√£o Paulo,@JanainaDoBrasil Vc nao tem.moral pra falar nada. Vc √© uma traidora do Presidente. Sempre guspindo no prato q comeu. TRA√çRA,SIM,Janaina Paschoal
Janaina Paschoal | Senado | S√£o Paulo,"@JanainaDoBrasil Concordo, √© uma p√©ssima ideia. Mas agora √© hora de defender o Brasil, apoiando Bolsonaro.",N√ÉO,Janaina Paschoal
Janaina Paschoal | Senado | S√£o Paulo,"@JanainaDoBrasil Esse pa√≠s n tem jeito. Tem q todo mundo se ferrar mesmo. Somos os mais idiotas do mundo. V√£o rir da nossa cara, e tem q rir mesmo. √â dolarizar o patrimonio e torcer pra q esta merda afunde, pra poder depois cobrar cada um q contribuiu pra afundar. Anti PT",N√ÉO,Janaina Paschoal
Janaina Paschoal | Senado | S√£o Paulo,@JanainaDoBrasil Leve ele com voc√™  para o cafund√≥ dos infernos.,SIM,Janaina Paschoal
Janaina Paschoal | Senado | S√£o Paulo,"@JanainaDoBrasil Uma coisa de cada vez deputada, o foco agora  √©  conseguir uma base contra essa maldita esquerda.",N√ÉO,Janaina Paschoal
Janaina Paschoal | Senado | S√£o Paulo,@Alexand94582924 @JanainaDoBrasil Proposta idiota.... que √© bem prov√°vel que aceite...mas se nada adianta...ela nunca vai ser eleita para um cargo federal...zumaia jungis,N√ÉO,Janaina Paschoal
Janaina Paschoal | Senado | S√£o Paulo,@JanainaDoBrasil Pare de chorar! Eu te avisei.,N√ÉO,Janaina Paschoal
Janaina Paschoal | Senado | S√£o Paulo,"@patyoto @IvanFelicianoc @achcarjr @JanainaDoBrasil Te mandei para o Haiti porque trata se de um para√≠so  capitalista, v√™ s√≥ como tenho considera√ß√£o por ti.
Infelizmente amanh√£ vais chorar muito, mas o pior vai ser quando o teu Mito se tornar h√≥spede da PAPUDA.",SIM,Janaina Paschoal
Janaina Paschoal | Senado | S√£o Paulo,"@JanainaDoBrasil Retrocesso maior seria o Bozo gsnhar de novo. N√£o sou Luladr√£o, mad Burronaro foi o pior presidente q p Brasil j√° teve ?",N√ÉO,Janaina Paschoal
Janaina Paschoal | Senado | S√£o Paulo,"@JanainaDoBrasil Querida Jana, em 2018 votei em voc√™, por este motivo, vou te dar uma dica.
Para de compartilhar UOL, veja, folha, etc.
N√£o √© jornalismo, n√£o tem credibilidade e vc s√≥ perde eleitor compartilhando est√° porcaria.
Votei no Astronauta este ano, gosto de vc.",N√ÉO,Janaina Paschoal
Janaina Paschoal | Senado | S√£o Paulo,"@JanainaDoBrasil Ningu√©m quer andar com vc, doida kkk",SIM,Janaina Paschoal
Janaina Paschoal | Senado | S√£o Paulo,"@JanainaDoBrasil Mas a senhora √© a rainha dos doidos, ou melhor a doida mor!",SIM,Janaina Paschoal
Janaina Paschoal | Senado | S√£o Paulo,"@JanainaDoBrasil Tudo que vc cr√≠tica, vai acontecer pela sua Arrog√¢ncia, n√£o atrapalhe quem pode vencer...t√≠pico de esquerdista... https://t.co/K4m46hkcVi",SIM,Janaina Paschoal
Janaina Paschoal | Senado | S√£o Paulo,"@JanainaDoBrasil Com todo respeito, mas vc √© muito louca!

Sugiro acompanhamento especializado com urg√™ncia!",SIM,Janaina Paschoal
Janaina Paschoal | Senado | S√£o Paulo,"@JanainaDoBrasil Amada, assuma sua INDEPEND√äNCIA e pare de choramingar, taokey?
#MarcosPontes222",SIM,Janaina Paschoal
Janaina Paschoal | Senado | S√£o Paulo,"@JanainaDoBrasil Inconstitucional foi soltarem o maior ladr√£o que a p√°tria amada Brasil j√° teve, depois dessa acho que pode tudo.",N√ÉO,Janaina Paschoal
Janaina Paschoal | Senado | S√£o Paulo,"@JanainaDoBrasil Estou vendo um seriado na Netflix.. vc pedindo desculpas pra Dilma, pelo ""certo"" que vc tava fazendo no impeachment dela. Imagino como deve t√° sua cabe√ßa, vendo que vc usou da sua boa f√© pra ajudar corruptos que destru√≠ram nosso pa√≠s e deixaram os pobres mais pobres.",N√ÉO,Janaina Paschoal
Janaina Paschoal | Senado | S√£o Paulo,@JanainaDoBrasil Cria vergonha !,N√ÉO,Janaina Paschoal
Janaina Paschoal | Senado | S√£o Paulo,"@JanainaDoBrasil Kkkkk ele n√£o parece padre, at√© desmoralizou os padres reais... 
Miseric√≥rdia, vergonhoso o  padre ser cabo eleitoral do Bolsonaro..
Esqueceu at√© que era candidato, foi feio, triste, baixo, rasteiro... üò™üáßüá∑",N√ÉO,Janaina Paschoal
Janaina Paschoal | Senado | S√£o Paulo,"@Flavio_Bottini @OGloboPolitica @JanainaDoBrasil A Esquerda est√° de volta em consequ√™ncia da campanha bilion√°ria mundial , iniciada com Lularapio livre , aparelhamento do Estado, instala√ß√£o do sistema de espionagem e grava√ß√£o da corrup√ß√£o de pol√≠ticos e de poderosos,que se tornaram ref√©ns etc Um Plano, com princ√≠pio,meio e fim",N√ÉO,Janaina Paschoal
Janaina Paschoal | Senado | S√£o Paulo,"@viliton1 @cinthya_ramos @JanainaDoBrasil Esse ‚Äúevento‚Äù s√≥ refor√ßou a minha confian√ßa de que ANULAR meu voto para senador e governador √© o melhor a ser feito‚Ä¶ 
P/ PR talvez vote no fdp, mesmo ciente de q fui feito de trouxa.
Mudan√ßas ocorrem atrav√©s de pessoas, e para ocorrerem precisamos de gente s√©ria na pol√≠tica!! https://t.co/i5c9pWWhjD",N√ÉO,Janaina Paschoal
Janaina Paschoal | Senado | S√£o Paulo,"@JanainaDoBrasil A senhora se esqueceu em que pa√≠s est√°, Deputada? Neste lugar de fan√°ticos est√∫pidos n√£o se pode esperar que pensem... Matam e morrem por corruptos como o atual e o ex. Fazer o qu√™?? Boa sorte pra senhora, continue coerente e correta.",N√ÉO,Janaina Paschoal
Janaina Paschoal | Senado | S√£o Paulo,"OHHHH @JanainaDoBrasil  ajuda a√≠ n√© minha filha se decida, ou tu serve a Deus ou A Mamon os dois n√£o d√°. Sabemos muito bem que lula destruiu nosso pa√≠s, ent√£o nosso voto ele n√£o tem, como tu quer que confiem em vc com um POST desses, tu t√° doida ? https://t.co/Cp94RQFKXR",SIM,Janaina Paschoal
Janaina Paschoal | Senado | S√£o Paulo,"@JanainaDoBrasil To te lendo projeto de pepa, t√° querendo uma boquinha em algum governo de esquerda n√© , vai q cola q n√© ! As pesquisas‚Ä¶ ü§°",SIM,Janaina Paschoal
Janaina Paschoal | Senado | S√£o Paulo,@Callme_Cattle @daniele_twi @marcelomadu @JanainaDoBrasil @MPF_PGR Putz olha o n√≠vel da pessoa. E por essas e outras q percebi q imbecilidade do √≥dio petistas. Vou de Lula 13 mesmo,N√ÉO,Janaina Paschoal
Janaina Paschoal | Senado | S√£o Paulo,"@JanainaDoBrasil Jana√≠na, talvez a ambi√ß√£o tenha anuviado sua avalia√ß√£o de qual candidatura ter sido melhor para voc√™ nestas elei√ß√µes de 2022. Se tivesse sa√≠do candidata √† C√¢mara Federal estaria, com certeza, eleita sem muito esfor√ßo. Apenas utilizando seu capital pol√≠tico angariado na anterior !",N√ÉO,Janaina Paschoal
Janaina Paschoal | Senado | S√£o Paulo,"@JanainaDoBrasil Embala que o filho √© teu, maluca",SIM,Janaina Paschoal
Janaina Paschoal | Senado | S√£o Paulo,"@WiniciusWm @JanainaDoBrasil Voc√™ √© burro ou voc√™ √© burro?
Ela est√° justamente explicando que a merda inconstitucional que voc√™ adula hoje pelo seu pol√≠tico de estima√ß√£o, pode vir a morder o seu rabo amanh√£ quando rolar uma altern√¢ncia de poder",N√ÉO,Janaina Paschoal
Janaina Paschoal | Senado | S√£o Paulo,"@JanainaDoBrasil Que discurso de doida, resist√™ncia contra o mal? Contra o comunismo?

Seja mais clara!",SIM,Janaina Paschoal
Janaina Paschoal | Senado | S√£o Paulo,"@JanainaDoBrasil Amada, quando vc usa o termo ""dois lados"" na sua frase, vc equipara falso-equivalentemente um caso de pol√≠cia, n√£o-inocentado, q √© aberra√ß√£o s√≥ em concorrer √† presid√™ncia, com o Bolsonaro. √â por essas declara√ß√µes tuas, q vc amargou sem brilho no limbo do doloroso 4‚Å∞ lugar.ü§∑",SIM,Janaina Paschoal
Janaina Paschoal | Senado | S√£o Paulo,@JanainaDoBrasil T√° doida?,SIM,Janaina Paschoal
Janaina Paschoal | Senado | S√£o Paulo,@JanainaDoBrasil Gente doida se atrai,SIM,Janaina Paschoal
Janaina Paschoal | Senado | S√£o Paulo,@JanainaDoBrasil Por essas ideias idiotas que sempre vai ser uma est√©tica na pol√≠tica,N√ÉO,Janaina Paschoal
Janaina Paschoal | Senado | S√£o Paulo,"Um voto s√≥ em mulheres.  S√≥ assim para o pa√≠s sair deste buraco, acabar com estes pol√≠ticos corruptos,  e enxergar no horizonte uma luz de esperan√ßa. @simonetebetbr presidente 15, com @maragabrilli vice. @JanainaDoBrasil 287 a senadora de S√£o Paulo, e @Loreny_ 7791 dep federal",N√ÉO,Janaina Paschoal
Janaina Paschoal | Senado | S√£o Paulo,"@JanainaDoBrasil Quem defendeu o impeachment da DilmAntA n√£o pode se neutralizar ou apoiar o Luladr√£o.
Seu trabalho e sua voz √© importante para o futuro da nossa na√ß√£o.
Converter votos CONTRA O CORRUPTO DE CARTEIRINHA √© fundamental para parar um sistema devastador, cruel e sujo.",N√ÉO,Janaina Paschoal
Janaina Paschoal | Senado | S√£o Paulo,"@JanainaDoBrasil Bolsonaro se sai melhor no debate e o vitimismo  ou se achar a ‚Äúonsa‚Äù, qdo se v√™ uma gatinha borralheira √± leva a nada. P/ governar o Br se √± for dura na queda se suicida, ren√∫ncia ou entra no esquema da corrup√ß√£o logo em seguida. Vamos deixar o Bolsonaro + 4 anos p o bem do Br.",SIM,Janaina Paschoal
Janaina Paschoal | Senado | S√£o Paulo,@JanainaDoBrasil Chora mais...chora mais....nao foi eleita.,SIM,Janaina Paschoal
Janaina Paschoal | Senado | S√£o Paulo,@JanainaDoBrasil louca. O STF rasgou a CF e vc caga pra isso.,SIM,Janaina Paschoal
Janaina Paschoal | Senado | S√£o Paulo,@JanainaDoBrasil Que coisa rid√≠cula.,SIM,Janaina Paschoal
Janaina Paschoal | Senado | S√£o Paulo,@JanainaDoBrasil T√£o suja quanto ai seu presidente vagabundo. https://t.co/FrybL5avg3,SIM,Janaina Paschoal
Janaina Paschoal | Senado | S√£o Paulo,"@JanainaDoBrasil Querida o momento exige mais que o debate de ideias, estamos a beira do caos.
Temos que nos unir pra mandar embora de vez esses bandidos comunistas e seu presidi√°rio de estima√ß√£o.
O momento √© de relembrar o povo de mem√≥ria, curta sobre quem de fato √© Luiz In√°cio Lula da Silva.",N√ÉO,Janaina Paschoal
Janaina Paschoal | Senado | S√£o Paulo,"@JanainaDoBrasil Janaina, a vida e feita de escolhas e voc√™ fez a suas, assistiu Jo√£o doria trancar,soldar,fechar e prender pessoas, viu sp chorar sangue.
Lamento seu fim na pol√≠tica sua SENTEN√áA foi DADA, 2 outubro 2022 ela ser√° divulgada.",N√ÉO,Janaina Paschoal
Janaina Paschoal | Senado | S√£o Paulo,@JanainaDoBrasil Desistir pode ser interpretado como um ato de coragem e lucidez! N√£o desista ent√£o.,N√ÉO,Janaina Paschoal
Janaina Paschoal | Senado | S√£o Paulo,"@JanainaDoBrasil Leva pra tua casa, vcs s√£o gostam do que n√£o presta. Vc √© uma vergonha.",SIM,Janaina Paschoal
Janaina Paschoal | Senado | S√£o Paulo,@JanainaDoBrasil J√° esvaziou as gavetas? Vai acabar a mamata!,SIM,Janaina Paschoal
Janaina Paschoal | Senado | S√£o Paulo,@Leotitiu @priscilllando @JanainaDoBrasil E ladr√£o condenado  de estima√ß√£o amigo de ditadores de estima√ß√£o pode?,N√ÉO,Janaina Paschoal
Janaina Paschoal | Senado | S√£o Paulo,"@milicianonopla1 @JanainaDoBrasil Cuidado em bajuladora de bandido saiu uma pesquisa Equilibrio Brasil que o seu ladr√£o esta atr√°s,portanto n√£o confie muito nas pesquisas da Globo e como essa e outras n√ßao sei qual esta certa e no domingo a gente vai saber,agora votar no  ladr√£o √© desonestidade.üòí",SIM,Janaina Paschoal
Janaina Paschoal | Senado | S√£o Paulo,@GeiserRalf @jcvignatti_2 @JanainaDoBrasil S√≥ o RJ que trocaria pelo Rom√°rio.  √â o que temos para o momento. Em rela√ß√£o ao ES j√° est√£o armando para o Magno tb n√£o assumir. Jogo sujo e covarde.,N√ÉO,Janaina Paschoal
Janaina Paschoal | Senado | S√£o Paulo,"@JanainaDoBrasil Janaina vc tem duas op√ß√£o vai votar Par√° Luladr√£o ou Bolsonaro ou vai ser covarde e anular seu voto üó≥ com birra, √© a briga do mal contra o bem de que lado vc vai estar d√° vingan√ßa ou ajudar salvar o pa√≠s do comunismo mostrar que ama esse brasilz√£o de verdade e se eleger em 2026",N√ÉO,Janaina Paschoal
Janaina Paschoal | Senado | S√£o Paulo,"@JanainaDoBrasil Jana√≠na, Rainha do Mar, cala a boca e segue o fluxo! Pergunte ao Miguel Reale J√∫nior o que ele acha de tudo isso.",N√ÉO,Janaina Paschoal
Janaina Paschoal | Senado | S√£o Paulo,"@JanainaDoBrasil Menina, a coisa t√° feia heim!!!! Aonde vc chegou!!! Padre que nem √© padre, candidato quem nem √© candidato!!!",SIM,Janaina Paschoal
Janaina Paschoal | Senado | S√£o Paulo,@JanainaDoBrasil Vai ficar sem mandato fdp,SIM,Janaina Paschoal
Janaina Paschoal | Senado | S√£o Paulo,"@JosLuizdias10 @JanainaDoBrasil Voc√™ n√£o tem vergonha nessa cara  velha sua de falar uma besteira dessa?? Assuma que gosta de ladr√£o,  de traficante, que voc√™ sempre orientou seus filhos e netos que roubar √© muito bom e compensa. Que os visita na penitenci√°ria eventualmente. Que os orienta a abortar seus netos.",SIM,Janaina Paschoal
Janaina Paschoal | Senado | S√£o Paulo,@JanainaDoBrasil De nada adianta dizer isso ap√≥s su teatro que levou o pa√≠s rumo a essa cat√°strofe! Fica calada que tua participa√ß√£o nessa desgra√ßa √© gigantesca!,SIM,Janaina Paschoal
Janaina Paschoal | Senado | S√£o Paulo,@JanainaDoBrasil Como √© perder a mamata do nome Bolsonaro?ü§°,SIM,Janaina Paschoal
Janaina Paschoal | Senado | S√£o Paulo,"@JanainaDoBrasil Vindo de vc , uma doida varrida. N√£o me surpreende!",SIM,Janaina Paschoal
Janaina Paschoal | Senado | S√£o Paulo,"@ticopers @ZinaltonAndrade @JanainaDoBrasil Mas ladr√£o tem de monte, e querem por o pior deles no comando desse pa√≠s!",N√ÉO,Janaina Paschoal
Janaina Paschoal | Senado | S√£o Paulo,"@JanainaDoBrasil @voc√™,marreco e a doida da goiabeira n√£o v√£o estar l√°.Pq Deus √© pai.Oh Gl√≥ria!!!",SIM,Janaina Paschoal
Janaina Paschoal | Senado | S√£o Paulo,"E a√≠ @JanainaDoBrasil  ficou chupando dedo √©!
ü§£ü§£ü§£ü§£ü§£ü§£ü§£ü§£",SIM,Janaina Paschoal
Janaina Paschoal | Senado | S√£o Paulo,"@JanainaDoBrasil Deputada com todo respeito  a senhora n√£o acha que pulou uma etapa ?

Deputada Estadual direto para senadora num ano que s√≥  tem uma vaga em disputa. 

Obviamente  a senhora tem o direto  de concorrer ao cargo que quiser  por√©m desde o in√≠cio  o quadro n√£o  era favor√°vel",N√ÉO,Janaina Paschoal
Janaina Paschoal | Senado | S√£o Paulo,"@Priscil04608081 @JanainaDoBrasil Eu trancaria a disciplina dessa maluca, pode apostar!",SIM,Janaina Paschoal
Janaina Paschoal | Senado | S√£o Paulo,"@JanainaDoBrasil O sua ex bolsonarista imbecil, quem √© voce sua energumina , eleita atrav√©s do genocida vai procurar sua turma , sua trouxa",SIM,Janaina Paschoal
Janaina Paschoal | Senado | S√£o Paulo,@sm_carla_ @henriquefrank @VINICIUS_LOHRAN @JanainaDoBrasil J√° separou o diploma de burra? ü•∞ü•∞ü•∞ Guarda seu mimimi pro dia 2! kkkkk,SIM,Janaina Paschoal
Janaina Paschoal | Senado | S√£o Paulo,"@paulamirlla @cloves_godoi @JanainaDoBrasil Pelo coment√°rio vc me parece sensata,sendo assim, pergunto :Lula √© ladr√£o  ou n√£o? Todos envolvidos na lava jato devolveram milh√µes roubados , deletaram e provaram que Lula tamb√©m  recebeu milh√µes de R$ de corrup√ß√£o.",N√ÉO,Janaina Paschoal
Janaina Paschoal | Senado | S√£o Paulo,"@WolfConservador Quem diria neh ü§î a @JanainaDoBrasil que falou tanto do nosso Ministro @astro_pontes que vai ser nosso senador por SP, agora v√™ que estava com ela apoiando ladr√£o!!! Ser√° que ela fez parte do plano ou foi enganada ü§îü§îü§î",SIM,Janaina Paschoal
Janaina Paschoal | Senado | S√£o Paulo,"@JanainaDoBrasil Dra Jana√≠na....vc  acredita nessas pesquisas!??? Elas n√£o s√£o compradas pela velha imprensa....digo,... cons√≥rcio!!?",N√ÉO,Janaina Paschoal
Janaina Paschoal | Senado | S√£o Paulo,"@JanainaDoBrasil Normal, afinal vc √© t√£o rid√≠cula quanto ele",SIM,Janaina Paschoal
Janaina Paschoal | Senado | S√£o Paulo,@JanainaDoBrasil Cirurculando. Vaza. Tchau doida,SIM,Janaina Paschoal
Janaina Paschoal | Senado | S√£o Paulo,@JanainaDoBrasil Que nojo dessa mulher. Vejam a bagun√ßa que ele ajudou a fazer no pa√≠s,SIM,Janaina Paschoal
Janaina Paschoal | Senado | S√£o Paulo,"@JanainaDoBrasil Vc pr√≥pria, √© sua maior opositora,sua postura muito feia!",SIM,Janaina Paschoal
Janaina Paschoal | Senado | S√£o Paulo,"@OGloboPolitica O maior erro foi dar o golpe na Dilma.
Chupa, lambe botas de milicos burros.
@JanainaDoBrasil 
S√≥ se for do Brasil dos oportunistas.",N√ÉO,Janaina Paschoal
Janaina Paschoal | Senado | S√£o Paulo,"@JanainaDoBrasil Vai chorar na cama, dia 3 de outubro.",SIM,Janaina Paschoal
Janaina Paschoal | Senado | S√£o Paulo,"#RodrigoGarciaZero Malditos, covardes. @rodrigogarcia_ @carlaopignatari @DelegadoOlim @hoc111 @JanainaDoBrasil @PrCarlosCezar @PSDBoficial @PSDB_SP @cauemacris @DepFernandoCury @gilmacisantos10 https://t.co/vPRHsZV4fb",N√ÉO,Janaina Paschoal
Janaina Paschoal | Senado | S√£o Paulo,"@JanainaDoBrasil Mais uma declara√ß√£o imbecil! N√£o √© poss√≠vel que vc n√£o tenha uma assessoria,um marido, algu√©m que a impe√ßa de falar tanta bobagem!
Agora,nesta reta final, ficou evidente o despreparo para quaisquer tipo de cargo.",SIM,Janaina Paschoal
Janaina Paschoal | Senado | S√£o Paulo,"@JanainaDoBrasil Ser√° uma vit√≥ria do Brasil
Poder ficar livre do Bozo e da Jana louca golpista",SIM,Janaina Paschoal
Janaina Paschoal | Senado | S√£o Paulo,"@JanainaDoBrasil Isso, veja a hist√≥ria de cada qual, n√£o s√≥ do Lula. Im√≥veis em dinheiro vivo, den√∫ncias de corrup√ß√£o na compra de vacina para Covid, 28 anos de rachadinha. Qual a diferen√ßa entre Lula e Bolsonaro?",N√ÉO,Janaina Paschoal
Janaina Paschoal | Senado | S√£o Paulo,@pauloeneas @JanainaDoBrasil Que vergonha. Comphia !,N√ÉO,Janaina Paschoal
Janaina Paschoal | Senado | S√£o Paulo,"@JanainaDoBrasil Sempre achei q vc fosse exatamente isso q √©, uma louca desprez√≠vel.",SIM,Janaina Paschoal
Janaina Paschoal | Senado | S√£o Paulo,"@JanainaDoBrasil Passou dos 60 n√£o pode ser presidente principalmente ladr√µes.Nem mula nem burronaro.
Essa plataforma est√° restringindo a liberdade de express√£o. O di√°logo √© o caminho. E estamos sendo podados amorda√ßados com nossas id√©ias e opini√µes",N√ÉO,Janaina Paschoal
Janaina Paschoal | Senado | S√£o Paulo,@CarlosC03315184 @Yasannyaminnye @JanainaDoBrasil S√≥ tem um jeito do lulaladr√£o ganhar. √â na fraude. N√£o seremos mais um EUA de 2020. Pode acreditar üëç https://t.co/Z9Db2rjBnh,N√ÉO,Janaina Paschoal
Janaina Paschoal | Senado | S√£o Paulo,"@d_e_z_a_ @JanainaDoBrasil Bem faz vc, que pelo que estou vendo, deve defender um bandido. Quem em s√£ consci√™ncia vai matar algu√©m em plena pandemia. Vcs s√£o um bando de oportunistas. Qual seria o interesse de um presidente fazer isso? Deveria ter vergonha em falar isso‚Ä¶",N√ÉO,Janaina Paschoal
Janaina Paschoal | Senado | S√£o Paulo,"@JanainaDoBrasil O seu voto √© dado por sua corre√ß√£o e integridade. Sua capacidade j√° conhecemos h√° longos anos na √°rea jur√≠dica. O Brasil necessita de mulheres honestas de princ√≠pio, moralidade atributos da nobre doutora. Vamos para frente o Brasil acima de tudo e Deus as cima de  todos.",N√ÉO,Janaina Paschoal
Janaina Paschoal | Senado | S√£o Paulo,"@JanainaDoBrasil Junte-se  ao frota, Joyce e tantos outros frouxos que n√£o  aguentaram meia volta na porca e espanaram.
Todos sabiam a dificuldade em tirar o PT, mas resolveram trair a p√°tria.
D√≥ria te espera na vida PRIVADA",SIM,Janaina Paschoal
Janaina Paschoal | Senado | S√£o Paulo,"@JanainaDoBrasil Redu√ß√£o de parlamentares significa aumento de corrup√ß√£o e facilidade de negociata. O que dever√≠amos discutir √© a dissolu√ß√£o dos sal√°rios e privil√©gios dos parlamentares para aumentar o n√∫mero de representantes e, assim, dificultar a compra de votos obscuros.",N√ÉO,Janaina Paschoal
Janaina Paschoal | Senado | S√£o Paulo,@JanainaDoBrasil Mas nao duvido...tu √© doida igual a ele.,SIM,Janaina Paschoal
Janaina Paschoal | Senado | S√£o Paulo,"@JanainaDoBrasil Vote em projeto n√£o em pessoas! Bolsonaro e Lula s√£o s√≥ uma parte de todo um congresso, um projeto pol√≠tico, nenhum deles representam o ideal. Mas veja de qual lado seus valores, sua moral, sua educa√ß√£o e indole est√°, e vote! N√£o se trata de Lula e Bolsonaro, se trata de projeto!",N√ÉO,Janaina Paschoal
Janaina Paschoal | Senado | S√£o Paulo,"@JanainaDoBrasil Ningu√©m acha estranho, elei√ß√£o majorit√°ria √© muito diferente, existe muitos outros fatores envolvidos que a sra. n√£o teve alcance para entender. Pena . Agora √© tarde. N√£o adianta chorar.",N√ÉO,Janaina Paschoal
Janaina Paschoal | Senado | S√£o Paulo,"@JanainaDoBrasil N√£o acredito em m Ipec o antigo Ibope que falava que Bolsonaro perdia p todos, n√£o amada s√≥ vc acredita e a velha m√≠dia",N√ÉO,Janaina Paschoal
Janaina Paschoal | Senado | S√£o Paulo,"@JanainaDoBrasil Est√∫pida de merda voc√™ vai ser varrida junto a sua infeliz exist√™ncia pro esgoto...
Imbecil",SIM,Janaina Paschoal
Janaina Paschoal | Senado | S√£o Paulo,"@madubo17 @JanainaDoBrasil E pra deputado tem outros do NOVO t√£o preparados qt ele em SP, se vc ainda n√£o tiver candidato

Considere pra federal a @MoRosenbergSP 3077 (especialista em combate √† corrup√ß√£o)

E estadual o @leosiqueirabr 30600 economista, doutorando no Insper

Ambos zero de fund√£o",N√ÉO,Janaina Paschoal
Janaina Paschoal | Senado | S√£o Paulo,"@JanainaDoBrasil Eu avisei que vc n√£o iria ganhar e que sua derrota seria rid√≠cula. ü§£ü§£ü§£
Entenda: o Bolsonaro n√£o foi eleito por sua causa. Foi exatamente o contr√°rio. Tra√≠ra.",SIM,Janaina Paschoal
Janaina Paschoal | Senado | S√£o Paulo,@4fd558a7be4d4aa @Tati040484 @JanainaDoBrasil Voc√™s n√£o tem problema de vista. Tem problema de interpreta√ß√£o de texto.,SIM,Janaina Paschoal
Janaina Paschoal | Senado | S√£o Paulo,"@JanainaDoBrasil Jana√≠na, vi sua entrevista na UOL e te admirei mais ainda. Independente da elei√ß√£o desse ano, pe√ßo que releve o erro do atual governo em apoiar outra candidatura. Voc√™ √© correta, jovem e ser√° um dos pilares de firmeza para apoiar governos √≠ntegros e combater governos corruptos.",N√ÉO,Janaina Paschoal
Janaina Paschoal | Senado | S√£o Paulo,"@JanainaDoBrasil Golpista maldita, o pa√≠s te ouviu e deu no que deu... Tua voz vai fazer eco na lixeira da Hist√≥ria.",SIM,Janaina Paschoal
Janaina Paschoal | Senado | S√£o Paulo,@JanainaDoBrasil Chancela um padre corrupto ‚Ä¶ e vem levantar a bandeira do combate √† corrup√ß√£o ‚Ä¶ eh mto errado o que vc faz,SIM,Janaina Paschoal
Janaina Paschoal | Senado | S√£o Paulo,"@JanainaDoBrasil Med√£o que Lula, o favorito, goste da id√©ia??
Se preocupa n√£o... O bicho-pap√£o comunista vive s√≥ na sua cabe√ßa, ningu√©m do novo governo vai atropelar as institui√ß√µes democr√°ticas. Como nunca atropelaram antes, t√° lembrada? Pois √©.",N√ÉO,Janaina Paschoal
Janaina Paschoal | Senado | S√£o Paulo,@DornellasWal @JanainaDoBrasil Talvez agrade aos apoiadores do ladr√£o. Toma vergonha nessa cara e pense nas crian√ßas que n√£o podem herdar essa cat√°strofe chamada PT e seus petralhas,N√ÉO,Janaina Paschoal
Janaina Paschoal | Senado | S√£o Paulo,@JanainaDoBrasil Tu √© doida... n√£o conta...,SIM,Janaina Paschoal
Janaina Paschoal | Senado | S√£o Paulo,@JanainaDoBrasil Mas tu √© uma rata msm n√©? N√£o pode ver uma vergonha que j√° quer passar junto. Oxal√° nunca mais ou√ßa seu nome atrelado a pol√≠tica em nenhum n√≠vel do poder. Rata.,SIM,Janaina Paschoal
Janaina Paschoal | Senado | S√£o Paulo,@JanainaDoBrasil Vc ainda √© candidata? Pensei que tivesse tomado vergonha.....,SIM,Janaina Paschoal
Janaina Paschoal | Senado | S√£o Paulo,@JanainaDoBrasil Vc continua rid√≠cula‚Ä¶ lament√°vel üòû,SIM,Janaina Paschoal
Janaina Paschoal | Senado | S√£o Paulo,"@JanainaDoBrasil N√£o podemos dividir o centro direita, poderia ter sido candidata a Deputada Federal,ou ter se entendido com o presidente Bolsonaro,  tem que eleger o Senador para o apoio do Presidente!",N√ÉO,Janaina Paschoal
Janaina Paschoal | Senado | S√£o Paulo,"@JanainaDoBrasil Eu tamb√©m, mas voto 22 n√£o sou traidor, nem me movo pelas circunst√¢ncias. Olho o tempo e n√£o o momento. Qto a voc√™, vais ver que n√£o tinhas voto, eles foram nos que demos por n√£o saber em quem votar e para fazer legenda, vc e a peppa tem de ser extirpadas da pol√≠tica, s√£o falsas.",SIM,Janaina Paschoal
Janaina Paschoal | Senado | S√£o Paulo,@LuizHen66024962 @JanainaDoBrasil Um jumento que nunca fez nada como ministro. Cad√™ a vacina que esse jegue disse que estava devolvendo?,N√ÉO,Janaina Paschoal
Janaina Paschoal | Senado | S√£o Paulo,"@JanainaDoBrasil A senhora mere√ße a lata de lixo da historia pelo q provocou ao brasil! ! Mas ao menos, no seu mandado tentou ser correta e os q la entraram agora, sao piores e canalhas! √Å eles, eu condeno ao inferno!",SIM,Janaina Paschoal
Janaina Paschoal | Senado | S√£o Paulo,"@wesley_mamute @JanainaDoBrasil O pr√≥prio bund√£o do Tarc√≠sio ficou do lado da Verba Magalh√£es, ao ponto de se humilhar ao ligar pra ela para pedir desculpas. 
O pior foi ele chamar o Douglas de imbecil, e pedir a cabe√ßa dele na ALESP.",N√ÉO,Janaina Paschoal
Janaina Paschoal | Senado | S√£o Paulo,"@direitasiqueira @JanainaDoBrasil Quando a pessoa est√° largada √†s tra√ßas, posta qualquer m...pra ter engajamento. Ela poderia ter dito: podem falar o que quiser, mas eu gosto do marreco. Mas ele tb est√° desmoralizado. Ent√£o t√°",SIM,Janaina Paschoal
Janaina Paschoal | Senado | S√£o Paulo,"@JanainaDoBrasil Parab√©m pela postura ‚Äúsem vitimismo ‚Äú e disso q o Brasil precisa , respeito a democracia",N√ÉO,Janaina Paschoal
Janaina Paschoal | Senado | S√£o Paulo,@JanainaDoBrasil Leva o padreco do rascunho do mapa do inferno da terra plana pra voc√™! Combinam o padre fake e a louca da bandeira!,SIM,Janaina Paschoal
Janaina Paschoal | Senado | S√£o Paulo,@JanainaDoBrasil vc √© muito rid√≠cula,SIM,Janaina Paschoal
Janaina Paschoal | Senado | S√£o Paulo,"@JanainaDoBrasil Que bom que voc√™ vai sair da pol√≠tica e voltar pro ostracismo do esgoto de onde nunca deveria ter sa√≠do. Vai entrar para os livros de hist√≥ria com essa imagem, envergonhando qualquer um de sua descend√™ncia, seja l√° quem tiver esse azar. https://t.co/V7YmIxwN9D",SIM,Janaina Paschoal
Janaina Paschoal | Senado | S√£o Paulo,"@JanainaDoBrasil Que trabalho, Deputada in√∫til?
Passou quatro anos sem fazer nada.",SIM,Janaina Paschoal
Janaina Paschoal | Senado | S√£o Paulo,"@Lili_afns @JanainaDoBrasil Gente do c√©u, mas como gosta de passar vergonha essa senhora..ü§£ü§£ü§£",SIM,Janaina Paschoal
Janaina Paschoal | Senado | S√£o Paulo,"@JanainaDoBrasil Quer apostar um fardinho de Brahma?
Vc n√£o tem chance nem de chegar em segundo.

Vai ficar pelo menos 2 anos sem mamar no dinheiro p√∫blico",SIM,Janaina Paschoal
Janaina Paschoal | Senado | S√£o Paulo,@FabioSallum @JanainaDoBrasil Menos eu que pagava as mordomias desse ladr√£o,N√ÉO,Janaina Paschoal
Janaina Paschoal | Senado | S√£o Paulo,"@JanainaDoBrasil Piada √© em pleno 2022 a Amada ficar com mimimi pq o povo escolheu Marcos Pontes e n√£o vossa senhoria, querida p√µe uma coisa nessa cabe√ßinha que Deus te deu, o povo acordouuuuuuu.",SIM,Janaina Paschoal
Janaina Paschoal | Senado | S√£o Paulo,@JanainaDoBrasil viche.... bolsominions v√£o √† loucura..kkkkkkkkkk,N√ÉO,Janaina Paschoal
Janaina Paschoal | Senado | S√£o Paulo,"@JanainaDoBrasil #CCJinutildosenado
Mais 600
#SenadoExoneraOPGR
Olhem o que a reforma da previd√™ncia social realizada por FHC,Bozo e Guedes n√£o v√™.Aplaudida condecorada no congressinho corrupto
Muito menos est√° sociedade corrupta que n√£o enxergam o povo brasileiro num todo",N√ÉO,Janaina Paschoal
Janaina Paschoal | Senado | S√£o Paulo,@JanainaDoBrasil Vc n√£o se cansa de passar vergonha. Pensasse antes de trair quem te elegeu ‚Ä¶‚Ä¶ surfou tanto na onda que caiu e morreu afogada. #thauquerida,SIM,Janaina Paschoal
Janaina Paschoal | Senado | S√£o Paulo,"@JanainaDoBrasil T√°  gostoso ver tua dor de corno pq n√£o foi eleita!!
Devia ter pensado melhor antes de trair o povo q acreditou em vc. Agora, s√≥  te resta chupar essa manga!",SIM,Janaina Paschoal
Janaina Paschoal | Senado | S√£o Paulo,"@JanainaDoBrasil Voc√™ s√≥ gosta de merda, bicho. Nunca foi novidade",SIM,Janaina Paschoal
Janaina Paschoal | Senado | S√£o Paulo,"@JanainaDoBrasil Passou dos 60 Gag√°s n podem ser presidente principalmente PicaretaS ladr√µes.Nem mula nem burronaro.
Essa plataforma est√° restringindo a liberdade de express√£o.O di√°logo √© o caminho.E estamos sendo podados amorda√ßados com nossas id√©ias opini√µes
Repress√£o e sensura
Democracia cad√™.",N√ÉO,Janaina Paschoal
Janaina Paschoal | Senado | S√£o Paulo,"@JanainaDoBrasil E pensar que esse jumento j√° foi presidente da Rep√∫blica! Ali√°s, cham√°-lo assim √© uma ofensa aos animais!",N√ÉO,Janaina Paschoal
Janaina Paschoal | Senado | S√£o Paulo,"Toma vergonha, @JanainaDoBrasil!üí© https://t.co/hPC2jfNvtp",SIM,Janaina Paschoal
Janaina Paschoal | Senado | S√£o Paulo,@JanainaDoBrasil Mais √© nunca! T√° doida √©??,SIM,Janaina Paschoal
Janaina Paschoal | Senado | S√£o Paulo,"@beba_gomes @liz_diholanda @JanainaDoBrasil Fala s√©rio, voc√™ j√° ouviu o candidato de Bolsonaro em S√£o Paulo chamar Lula de ex-presidi√°rio e fala que o Haddad tem suspeitas de corrup√ß√£o, Tarc√≠sio ser√° candidato a presidente da Rep√∫blica do Brasil no futuro com apoio do Bolso. Voc√™ acha mesmo que o  teatro da tesoura acabou. https://t.co/AXevIIVDX9",N√ÉO,Janaina Paschoal
Janaina Paschoal | Senado | S√£o Paulo,@Charles55515053 @JanainaDoBrasil A solu√ß√£o √© propor merda e correr o risco de eleger Lula?,N√ÉO,Janaina Paschoal
Janaina Paschoal | Senado | S√£o Paulo,@JanainaDoBrasil Na globo merda ningu√©m v√™ deputada. Fica esperta. Gosto da senhora e s√≥ n√£o voto em ti por que sou de Minas Gerais. Abra√ßos https://t.co/OjUknZhfTH,N√ÉO,Janaina Paschoal
Janaina Paschoal | Senado | S√£o Paulo,"@JanainaDoBrasil E quem quer te ver na tv, assombra√ß√£o do inferno.",SIM,Janaina Paschoal
Janaina Paschoal | Senado | S√£o Paulo,@JanainaDoBrasil Meu voto seguramente √© SEU Janaina... At√© por d√≠vida moral por ter contribuido a tirar aquela incompetente! Hora de retribuir o favor que fizeste ao Brasil. #SenadoraVote287JanainaDoBrasil,N√ÉO,Janaina Paschoal
Janaina Paschoal | Senado | S√£o Paulo,@JanainaDoBrasil Tua turma √© toda assim (tem desvio moral e psicol√≥gico),SIM,Janaina Paschoal
Janaina Paschoal | Senado | S√£o Paulo,@JanainaDoBrasil O IPEC deve ser do luladr√£o kkkk,N√ÉO,Janaina Paschoal
Janaina Paschoal | Senado | S√£o Paulo,"@MarahSouzahh @JanainaDoBrasil Jana√≠na √© inteligente, jamais torceria pro ladr√£o. Ela t√° magoada, triste e com raz√£o. 
Ela sabe q √© nossa √∫ltima chance.
Ela n√£o vai perder essa oportunidade de tentar tirar o lar√°pio.",N√ÉO,Janaina Paschoal
Janaina Paschoal | Senado | S√£o Paulo,"@Leoreisrc @JanainaDoBrasil Quem anda por cabe√ßa dos outros √© piolho. √âpoca de elei√ß√£o s√≥ vimos  corruptos, condenados, procurando denegrir a imagem dos seus advers√°rios. Caluniam, mentem, n√£o pelo bem do povo, mas por seus bolsos que at√© pra enganar o povo besta,n√£o usam o dinheiro deles, mas o nosso!",N√ÉO,Janaina Paschoal
Janaina Paschoal | Senado | S√£o Paulo,"@JanainaDoBrasil Deputada, a senhora aceitaria um cargo num eventual governo do @tarcisiogdf ? A senhora na Secretaria de Justi√ßa , poderia desempenhar um excelente papel.",N√ÉO,Janaina Paschoal
Janaina Paschoal | Senado | S√£o Paulo,@JanainaDoBrasil S√£o pilantras,SIM,Janaina Paschoal
Janaina Paschoal | Senado | S√£o Paulo,"@JanainaDoBrasil Ai o cara vai l√°, vota 287, divide os votos e o M√°rcio Fran√ßa ganha.
Senado n√£o tem segundo turno porra! Voc√™ t√° em terceira, pega e apoia logo o 222 para garantir que n√£o vai dar esquerdista eleito!",N√ÉO,Janaina Paschoal
Janaina Paschoal | Senado | S√£o Paulo,@JanainaDoBrasil Miguel Reale J√∫nior faz vista grossa para corrup√ß√£o e lavagem de dinheiro. √â s√≥ isso por hoje. üëé,N√ÉO,Janaina Paschoal
Janaina Paschoal | Senado | S√£o Paulo,@Belzebu__666 @JanainaDoBrasil Passa vergonha no d√©bito e no cr√©dito,SIM,Janaina Paschoal
Janaina Paschoal | Senado | S√£o Paulo,@JanainaDoBrasil Vc querendo falar algo para Lula? kkkkkkkkkkkkkk Vc √© s√≥ mais um escrota apoiadora do genocida do bozo. vai se fuder!!! n√£o tem moral para falar nada sobre Lula. Lixo!,SIM,Janaina Paschoal
Janaina Paschoal | Senado | S√£o Paulo,@JanainaDoBrasil @astro_pontes Colocar a culpa do pr√≥prio fracasso nos outros dra.?,SIM,Janaina Paschoal
Janaina Paschoal | Senado | S√£o Paulo,"@JanainaDoBrasil N√£o desiste, n√£o, Jana√≠na. Fica at√© o final pra passar muita vergonha com os teus 5% das inten√ß√µes de voto. Voc√™ vai ser lembrada para sempre como uma das respons√°veis pela maior farsa da redemocratiza√ß√£o brasileira. Domingo voc√™ volta pro lixo da hist√≥ria. J√° foi tarde.",SIM,Janaina Paschoal
Janaina Paschoal | Senado | S√£o Paulo,@JanainaDoBrasil Simplesmente doida... fora Jana√≠na!!!!,SIM,Janaina Paschoal
Janaina Paschoal | Senado | S√£o Paulo,"@JanainaDoBrasil N poder√≠amos esperar nada diferente‚Ä¶ domingo vc vai ficar para a hist√≥ria pol√≠tica dos fracassados! 
O cara n√£o consegue ler corretamente uma pergunta f√≥rmulada pela equipe do bozo‚Ä¶.",SIM,Janaina Paschoal
Janaina Paschoal | Senado | S√£o Paulo,@JanainaDoBrasil O senado federal n√£o tem espa√ßo para doida.,SIM,Janaina Paschoal
Janaina Paschoal | Senado | S√£o Paulo,"@JanainaDoBrasil V√° pastar, louca!!!",SIM,Janaina Paschoal
Janaina Paschoal | Senado | S√£o Paulo,"@Claudia1050 @Marttsilv @canalhabelga @ALEXANDRERODO12 @JanainaDoBrasil N√£o adianta ficarem a√≠ passando pano. S√£o fatos:

- Ele realmente disse que comeria CARNE HUMANA

- Ele e a esposa fazem sinal de chifre com a m√£os o tempo todo

- O s√≠mbolo da Ma√ßonaria faz arminha e 22 com as m√£os, como na Campanha do Bolsonaro (que se diz Crist√£o)

E o aborto? https://t.co/828c7EJoTR",N√ÉO,Janaina Paschoal
Janaina Paschoal | Senado | S√£o Paulo,@JanainaDoBrasil N√ÉO. voc√™ √© uma farsa. uma louca. uma cretina. etc,SIM,Janaina Paschoal
Janaina Paschoal | Senado | S√£o Paulo,"@AdolfoZiurkelis @JanainaDoBrasil vc √© maluco ou oq? o cara nem padre √©, se 5% das merdas que ele falou forem verdade √© muito",N√ÉO,Janaina Paschoal
Janaina Paschoal | Senado | S√£o Paulo,"@Tati040484 @hellendayane7 @JanainaDoBrasil √â bem capaz da esquerdista dizer que o que vc publicou, n√£o √© o que estamos vendo üòí",SIM,Janaina Paschoal
Janaina Paschoal | Senado | S√£o Paulo,"@JanainaDoBrasil Vergonha pedir votos em nome de um dos piores presidentes da hist√≥ria do pa√≠s. Mais vergonha ainda √© lembrar do teu choro na comiss√£o de impeachemeant da Dilma. Ajudaste a destruir o Brasil. Dorme com essa, querida!",SIM,Janaina Paschoal
Janaina Paschoal | Senado | S√£o Paulo,"@JanainaDoBrasil Quanta maluquice, mulher! Ser√° que vc n√£o enxerga que ningu√©m mais te suporta? Ningu√©m quer te ver na pol√≠tica. Vamos te tirar. Vc teve sua chance e jogou fora com sua falsidade e projetos pr√≥prios de poder. Vc √© doida ou se faz de doida, n√£o √© poss√≠vel que seja t√£o alienada.",SIM,Janaina Paschoal
Janaina Paschoal | Senado | S√£o Paulo,"@JanainaDoBrasil Jana, me explica essa mania de falar de liberdade individual?
Vai querer liberar uso de m*conha, coca√≠na, LSD, aborto, SBT, Record, dirigir sem habilita√ß√£o, dirigir embriagado??? Hum???
Que liberdade individual √© essa, Jana?",N√ÉO,Janaina Paschoal
Janaina Paschoal | Senado | S√£o Paulo,@JanainaDoBrasil perdeu dem√¥nio! perdeu sua merda perdeu filha do cabrunco. volta pro ostracismo sua bosta,SIM,Janaina Paschoal
Janaina Paschoal | Senado | S√£o Paulo,"@JanainaDoBrasil Amada, vc vai perder e vai perder feio, se poupe de passar mais vergonha do q vc j√° passou nos √∫ltimos 4 anos...",SIM,Janaina Paschoal
Janaina Paschoal | Senado | S√£o Paulo,"@JanainaDoBrasil A velha e traquejada esquerda, como sempre unida, assiste sorrindo e agradece √† briga, √† desuni√£o e √†s cabe√ßadas da nossa jovem e imberbe direita.
Fiquem bem !",N√ÉO,Janaina Paschoal
Janaina Paschoal | Senado | S√£o Paulo,@JanainaDoBrasil T√° sentido o peso das suas canalhices n√© ?! Colaborou para por nosso pa√≠s neste abismo e agora a tua fatura chegou . Ficou do lado errado da hist√≥ria com tua gan√¢ncia e se deixou ser usada  por gente t√£o ruim e canalha quanto VC .  Agora chupa essa manga azeda e n√£o reclama !,SIM,Janaina Paschoal
Janaina Paschoal | Senado | S√£o Paulo,@JanainaDoBrasil Jana√≠na. Voc√™ enfiou uma √¢ncora nos 80 e n√£o consegue tirar . Vai se tratar garota a guerra j√° acabou faz anos esse terrorismo anacr√¥nico que voc√™ e seus colegas praticam √© t√£o bobo e n√£o lhe traz votos.,SIM,Janaina Paschoal
Janaina Paschoal | Senado | S√£o Paulo,"@JanainaDoBrasil @astro_pontes √â uma vergonha tamanho desrespeito para com a deputada. Coment√°rios tipicamente mis√≥gino para tentar intimid√°-la a n√£o concorrer ao Senado, porque sabe da sua capacidade e for√ßa para chegar l√°. Talvez, por medo de algu√©m independente sem qualquer processo chegar ao senado!",N√ÉO,Janaina Paschoal
Janaina Paschoal | Senado | S√£o Paulo,@julio_c_barros @JanainaDoBrasil Como uma Deputada Estadual atrapalhou o Presidente??  Foi ela quem indicou dois petistas ao STF?  Foi quem colocou um PGR brother do Jos√© Dirceu cidad√£o??  Cria vergonha na cara e para endeusar pol√≠tico cacete.,N√ÉO,Janaina Paschoal
Janaina Paschoal | Senado | S√£o Paulo,"@JanainaDoBrasil E vc acredita no IPEC, data folha, XP? Os caras est√£o descaradamente apoiando o ladr√£o de 9 dedos... Pelo amor de Deus, Jana√≠na.",SIM,Janaina Paschoal
Janaina Paschoal | Senado | S√£o Paulo,@JanainaDoBrasil Eu achava que os petistas eram cegos e idiotas at√© conhecer os bolsonaristas,N√ÉO,Janaina Paschoal
Janaina Paschoal | Senado | S√£o Paulo,"@JanainaDoBrasil AMADA KKKK o Miguel Reale hoje declarou apoio ao LULA, acho que nem seu marido e filhos votariam em voc√™ 
Triste fim!!! Mas seu desejo de crescer a levou a fracasso vergonhoso, aprenda doutora, n√£o adianta achar √© necess√°rio provar dentro do devido processo legal.
O esquecimento",SIM,Janaina Paschoal
Janaina Paschoal | Senado | S√£o Paulo,@JanainaDoBrasil Governo Bolsonaro pagou simplesmente R$6 bilh√µes do or√ßamento secreto para deputados do Centr√£o se reelegerem. √â o maior pix de corrup√ß√£o da hist√≥ria! 01/012023 tic tac tic tac tic tac o ano que vem o gado vai conhecer o bolsonaro https://t.co/r2928e6nl0,N√ÉO,Janaina Paschoal
Janaina Paschoal | Senado | S√£o Paulo,@JanainaDoBrasil At√© mesmo tem terminar de gastar o fundo eleitoral destinada a sua campanha por um quest√£o moral n√© ?,SIM,Janaina Paschoal
Janaina Paschoal | Senado | S√£o Paulo,@o_antagonista @JanainaDoBrasil @LulaOficial Por isso que n√£o teve apoio do governo. √â burra em acreditar nas pesquisas Fakes.,SIM,Janaina Paschoal
Janaina Paschoal | Senado | S√£o Paulo,@RoLuchsinger @JanainaDoBrasil Essa demonia da Janaina pede voto pro bolsobosta! Curuis.,SIM,Janaina Paschoal
Janaina Paschoal | Senado | S√£o Paulo,"@JanainaDoBrasil Em pleno 2022 ano de copa, os pol√≠ticos n√£o se comportam como adultos e os brasileiros gostam de votar em ladr√£o...",N√ÉO,Janaina Paschoal
Janaina Paschoal | Senado | S√£o Paulo,@RubensNunesMBL @JanainaDoBrasil Ela consegue ser t√£o burra quanto voc√™s do MBL....,SIM,Janaina Paschoal
Janaina Paschoal | Senado | S√£o Paulo,@JanainaDoBrasil Vai mamar no bode pois nem a constitui√ß√£o vcs respeitam. Seus lixos!!!***,SIM,Janaina Paschoal
Janaina Paschoal | Senado | S√£o Paulo,"@JanainaDoBrasil Voc√™ √© uma tremenda de uma safada, sua retardada",SIM,Janaina Paschoal
Janaina Paschoal | Senado | S√£o Paulo,@JanainaDoBrasil Aumenta a dose de semancol porque a coisa t√° √© feia.,SIM,Janaina Paschoal
Janaina Paschoal | Senado | S√£o Paulo,@CarlosC03315184 @Yasannyaminnye @JanainaDoBrasil Quer falar em √≥dio? Deixa de ser imbecil. Vai estudar hist√≥ria. https://t.co/fyUjnsfKR1,SIM,Janaina Paschoal
Janaina Paschoal | Senado | S√£o Paulo,@JanainaDoBrasil Vc costuma gostar de merda mesmo.,SIM,Janaina Paschoal
Janaina Paschoal | Senado | S√£o Paulo,"@JanainaDoBrasil Doido igual a vc, gente doida conhece e gosta de gente mal educada e doida.",SIM,Janaina Paschoal
Janaina Paschoal | Senado | S√£o Paulo,"@JanainaDoBrasil Bolsonaro armando um golpe no STF e vc aponta pra outro?
Como outro?
Quem t√° armando √© Bolsonaro.
Mania rid√≠cula de manipular informa√ß√£o. üò°",N√ÉO,Janaina Paschoal
Janaina Paschoal | Senado | S√£o Paulo,@FederalAgent7 @JanainaDoBrasil Acredito q nem para Deputada federal ela se elegeria. Fez muita üí© na ALESP. https://t.co/L5UawyQtVP,SIM,Janaina Paschoal
Janaina Paschoal | Senado | S√£o Paulo,"@JanainaDoBrasil Amada, vc n√£o aprendeu nada com os bolsominions? Eles s√£o ditadores de ideias e de costumes. Se pensar diferente n√£o faz parte do gado.",N√ÉO,Janaina Paschoal
Janaina Paschoal | Senado | S√£o Paulo,"@JanainaDoBrasil Por essas e por outras que vou de Marcos Pontes, Deputado Estadual que achava que era Federal,agora quer ser Senadora,quando podia ser Deputada Federal e levar mais alguns, resumindo n√£o ser√° nada.",N√ÉO,Janaina Paschoal
Janaina Paschoal | Senado | S√£o Paulo,@JanainaDoBrasil @silvioluiz N√£o. At√© pq essa mulher n√£o fez nada de bom. Agora vai puxar a carta do vitimismo?,N√ÉO,Janaina Paschoal
Janaina Paschoal | Senado | S√£o Paulo,"@Fabi10carlos @JanainaDoBrasil Vc √© burro ou t√° fingindo ?
Nulo n√£o √© isen√ß√£o, estou me posicionando contra os dois merdas que criaram essa polariza√ß√£o.
Ter duas merdas de op√ß√£o, n√£o me faz obrigado a escolher uma delas !!
Continuarei cobrando a coisa certa de qualquer um que vencer.",N√ÉO,Janaina Paschoal
Janaina Paschoal | Senado | S√£o Paulo,"@JanainaDoBrasil Vc √© louca. 

Vote 222",SIM,Janaina Paschoal
Janaina Paschoal | Senado | S√£o Paulo,@JanainaDoBrasil Voc√™ foi covarde de n√£o ter enfrentado  bolsonaro. N√£o teve a mesma valentia que ‚Äúenfrentou‚Äù o pt para enfrentar o bolsonaro. Ainda mais sabendo que Bozo fez muito pior.,SIM,Janaina Paschoal
Janaina Paschoal | Senado | S√£o Paulo,@JanainaDoBrasil Um √© Ladr√£o mais que provado! e o outro √© um idiota completo..n√£o serve nem pra Cabo!!!,N√ÉO,Janaina Paschoal
Janaina Paschoal | Senado | S√£o Paulo,@JanainaDoBrasil Sua doida,SIM,Janaina Paschoal
Janaina Paschoal | Senado | S√£o Paulo,"@jacobus_sa @marciapira @Cecilia63560549 @Ricardo38972531 @JanainaDoBrasil J√° que vc √© o tradutor de textos t√©cnicos de engenharia, deve saber calcular.kkkkk acredito que n√£o saiba nem a aplica√ß√£o na vida cotidiana, de c√°lculos integrais  diferenciais, nem ouviu falar sequer um dia o que s√≥lido de revolu√ß√£o, deve achar que e coisa de comunista.kkkkkkkkk",N√ÉO,Janaina Paschoal
Janaina Paschoal | Senado | S√£o Paulo,"@JanainaDoBrasil 0 sirpresa, ne filha? O inferno os aguarda....",SIM,Janaina Paschoal
Janaina Paschoal | Senado | S√£o Paulo,@JanainaDoBrasil Pode chorar que est√° liberado,N√ÉO,Janaina Paschoal
Janaina Paschoal | Senado | S√£o Paulo,@JanainaDoBrasil Que absurdo. Pior de tudo √© saber que a equipe m√©dica ficar√° isenta desse crime. Pa√≠s de merda.,N√ÉO,Janaina Paschoal
Janaina Paschoal | Senado | S√£o Paulo,@luisbr1974 @JanainaDoBrasil Ainda tem jumento que vota nesse ladr√£o,N√ÉO,Janaina Paschoal
Janaina Paschoal | Senado | S√£o Paulo,"@JanainaDoBrasil Isso fala muito por quem vc realmente √©, MIMADA, apenas isso . Fez merda falando para o PR ser retirado do cargo urgente durante a pandemia e pagou o pre√ßo pela boca grande . N√£o volte a pol√≠tica mesmo n√£o, o Brasil precisa apenas dos fortes e que querem o Brasil melhor ‚Ä¶",SIM,Janaina Paschoal
Janaina Paschoal | Senado | S√£o Paulo,"@JanainaDoBrasil Todas as pessoas de bem gostam do padre, pq ele fala na cara do ladr√£o que ele √© ladr√£o e deveria estar preso.",N√ÉO,Janaina Paschoal
Janaina Paschoal | Senado | S√£o Paulo,"@leonardosimoni @RaiFDts @GLADYSARRUDA @JoseAdaisio @JanainaDoBrasil merda, √© isso mesmo. Acabou as frases prontas, e tudo que vc ouviu da boca dos outros, e agora vc est√° partindo pra ofensa. esperar o que de covardes",SIM,Janaina Paschoal
Janaina Paschoal | Senado | S√£o Paulo,"@JanainaDoBrasil Amada,deixe eu dizer uma coisa pra vc,na vida a gente tem que respeitar e ser grato a quem nos ajudou. Trair,√© um ato covarde e imperdo√°vel. Tudo isso pra dizer a vc que reveja seus conceitos,aceite a derrota e aprenda com os acertos,pra n√£o errar novamente.",SIM,Janaina Paschoal
Janaina Paschoal | Senado | S√£o Paulo,"@JanainaDoBrasil Vc j√° √© candidata da esquerda a escolha foi sua, agora vai chorar na cama que √© um lugar quentinho!",SIM,Janaina Paschoal
Janaina Paschoal | Senado | S√£o Paulo,"@JanainaDoBrasil Te avisamos, pare de atacar o Bolsonaro e a primeira Dama Michele, voc√™ jogou na incerteza ,cortou dos dois lados, agiu como uma mulher bipolar e descontrolada. Conclus√£o perdeu, e perdeu feio.",SIM,Janaina Paschoal
Janaina Paschoal | Senado | S√£o Paulo,@JanainaDoBrasil leve este p√°rasita para casa ent√£o sua velhaca,SIM,Janaina Paschoal
Janaina Paschoal | Senado | S√£o Paulo,@JanainaDoBrasil Agora que perdeu a boquinha t√° querendo tirar a culpa,SIM,Janaina Paschoal
Janaina Paschoal | Senado | S√£o Paulo,"@JanainaDoBrasil N√£o seja rid√≠cula , empafia??? O povo quer HONESTIDADE!",SIM,Janaina Paschoal
Janaina Paschoal | Senado | S√£o Paulo,@JanainaDoBrasil Ningu√©m te quer Jana√≠na...voc√™ provoca vergonha alheia!,SIM,Janaina Paschoal
Janaina Paschoal | Senado | S√£o Paulo,@alexeconomist @JanainaDoBrasil Lulista sem vergonha,SIM,Janaina Paschoal
Janaina Paschoal | Senado | S√£o Paulo,@gib_bg @votosecreto20 @JanainaDoBrasil se fossem o bolsonaro ja era p ter tomado impeachment faz tempo..... meia duzia d arrombado q vive d fake news e puxar corda p autoritarismo toma pito e vcs ficam d mimimi,N√ÉO,Janaina Paschoal
Janaina Paschoal | Senado | S√£o Paulo,"@priscilllando @JanainaDoBrasil Mas eu estou fazendo JUSTAMENTE isto.

Eu acabei de te dizer que foi absurdo, pat√©tico, rid√≠culo, asqueroso.

Eu nunca fui minion, nem em 18, que eu tinha conta influente aqui.

Se tu fores ver minhas intera√ß√µes, 70% √© chamando o Bolsonaro de FROUXONARO.

Logo, car√°ter eu tenho.",N√ÉO,Janaina Paschoal
Janaina Paschoal | Senado | S√£o Paulo,"@JanainaDoBrasil Voc√™ falando agora...ele me lembrou voc√™, descabelada e totalmente hist√©rica, brandando a bandeira do Brasil. Um circo de bairro.",SIM,Janaina Paschoal
Janaina Paschoal | Senado | S√£o Paulo,"@JanainaDoBrasil Foi burra e arrogante antes de colocar a candidatura. 
Continua burra e arrogante depois de perceber que a vaca est√° indo pra o brejo.",SIM,Janaina Paschoal
Janaina Paschoal | Senado | S√£o Paulo,@ErasmoSanto @JanainaDoBrasil Assim √© a cabe√ßa de um t√≠pico esquerdista: deserto do Saara. Argumenta√ß√£o zero.,N√ÉO,Janaina Paschoal
Janaina Paschoal | Senado | S√£o Paulo,@JanainaDoBrasil Seu apoio no representa nada. Passou o quatro criticando o Pe pedindo impeachment PR . Depois ficou de mimi pedindo apoio dele para o senado. E finalmente ficou alarmando derrota do Pontes. Conclusao: a senhora como analista pol√≠tica e um fracasso e descobriu isso da pior maneira,SIM,Janaina Paschoal
Janaina Paschoal | Senado | S√£o Paulo,@JanainaDoBrasil Apoiando o PT? Que viravolta... apesar qye a senhora chorou e pediu desculpas a Dilma pelo impeachment.. vergonha,SIM,Janaina Paschoal
Janaina Paschoal | Senado | S√£o Paulo,"@JanainaDoBrasil Ah mas vc √© uma doida desvairada mesmo‚Ä¶ claro que gosta.
Vai pra igreja dele",SIM,Janaina Paschoal
Janaina Paschoal | Senado | S√£o Paulo,"@JanainaDoBrasil claro que gosta, tudo que √© ruim, falso, cretino, canalha e pilantra caiu no teu gosto!",SIM,Janaina Paschoal
Janaina Paschoal | Senado | S√£o Paulo,@Claudia64472763 @JanainaDoBrasil Todo mundo com QI de 3 d√≠gitos acredita. S√≥ os burros manipulados pelo genocida duvidam.,N√ÉO,Janaina Paschoal
Janaina Paschoal | Senado | S√£o Paulo,"@JanainaDoBrasil @OcidenteLivre Cara Janaina, as vezes me pergunto se a constitui√ß√£o √© para o povo ou o povo √© para a constitui√ß√£o!! √ë q ache q aumentar o n¬∫ de minis seja solu√ß√£o pra algo, √© um cargo muito + politico do q tecnico! Tlz trocar os 11 por um prof de portugu√™s para interpretar texto seja + f√°cil!!",N√ÉO,Janaina Paschoal
Janaina Paschoal | Senado | S√£o Paulo,"@JanainaDoBrasil @ercio_santoss N√£o voto em maluca, desequilibrada, totalmente bipolar . Nunca vou me esquecer daquela cena pat√©tica em que voc√™ pedia um golpe para derrubar o presidente . Al√©m disso voc√™ apoiou o Doria. O Doria!!! Aquele ditador , fdp, que tentou nos matar de fome.",SIM,Janaina Paschoal
Janaina Paschoal | Senado | S√£o Paulo,"@JanainaDoBrasil Jana√≠na Paschoal em sua jornada pol√≠tica teve altos e baixos as vezes apoiando e vezes criticando o Presidente, que tem um objetivo e foco no que faz que √© erradicar a corrup√ß√£o e o sistema implantado no Brasil pela Esquerda (fato) na minha opini√£o vc deveria continuar Deputada.",N√ÉO,Janaina Paschoal
Janaina Paschoal | Senado | S√£o Paulo,@JanainaDoBrasil Os irm√£os-suplentes j√° pensaram na possibilidade de interditar a maluca?,SIM,Janaina Paschoal
Janaina Paschoal | Senado | S√£o Paulo,@JanainaDoBrasil Melhor que ladr√£o.,N√ÉO,Janaina Paschoal
Janaina Paschoal | Senado | S√£o Paulo,"@JanainaDoBrasil A Rute apoia o ladr√£o e a Raquel ,Bolsonaro ou √© ao  contr√°rio??? üòÇüòÇüòÇüòÇ",N√ÉO,Janaina Paschoal
Janaina Paschoal | Senado | S√£o Paulo,@JanainaDoBrasil A porca comeu,SIM,Janaina Paschoal
Janaina Paschoal | Senado | S√£o Paulo,"@Alzira11393266 @JanainaDoBrasil Bolsonaro 22
N√£o voto em ladr√£o.",N√ÉO,Janaina Paschoal
Janaina Paschoal | Senado | S√£o Paulo,"@JanainaDoBrasil N√£o!
Bolsonaro nunca foi de direita. Bolsonaro nunca foi nada.
Bolsonaro tomou pra ele os ot√°rios que se dizem de Direita.
Bolsonaro √© um corrupto, um mentiroso, vagabundo e canalha.",N√ÉO,Janaina Paschoal
Janaina Paschoal | Senado | S√£o Paulo,@JanainaDoBrasil Faz alguma coisa pra colocar o STF na linha ent√£o jumenta.,SIM,Janaina Paschoal
Janaina Paschoal | Senado | S√£o Paulo,"@eudrikka007 @JanainaDoBrasil Burra, isso foi um debate do Spotniks, onde a Janaina representava a direita
voc√™ √© muito burra.",SIM,Janaina Paschoal
Janaina Paschoal | Senado | S√£o Paulo,"@JanainaDoBrasil Gostaria que voc√™ estivesse no STF. A arritmia seria geral üòÇ. N√£o precisa aumentar, s√≥ direcionar para o cumprimento da Constitui√ß√£o, sem interpreta√ß√£o metaf√≠sica e transcendental, somente a Letra, preto no branco.",N√ÉO,Janaina Paschoal
Janaina Paschoal | Senado | S√£o Paulo,@JanainaDoBrasil Acabou bruxa do golpe.bozo deu o que vcs mereciam .amanh√£ revebera o dele.p√© na bunda,SIM,Janaina Paschoal
Janaina Paschoal | Senado | S√£o Paulo,@JanainaDoBrasil Certeza mesmo √©  que como pol√≠tica  vc foi um fracasso,SIM,Janaina Paschoal
Janaina Paschoal | Senado | S√£o Paulo,@JanainaDoBrasil Vc √© t√£o respons√°vel quanto quem est√° votando nele. Isso tudo que est√° acontecendo e vai acontecer caso seja eleito. Ent√£o n√£o vem pagar de louca n√£o mulher.,SIM,Janaina Paschoal
Janaina Paschoal | Senado | S√£o Paulo,@VictorMedFarias @henriquefrank @VINICIUS_LOHRAN @JanainaDoBrasil Dia 2 eu volto aqui e vamo ver quem vai estar de mimimi,N√ÉO,Janaina Paschoal
Janaina Paschoal | Senado | S√£o Paulo,"@JanainaDoBrasil @astro_pontes Kkkk piada essa Jana√≠na , aceita que perdeu doida kkkkkk",SIM,Janaina Paschoal
Janaina Paschoal | Senado | S√£o Paulo,"@JanainaDoBrasil Adeus louca e traira, o esquecimento te aguarda, ex deputada...",SIM,Janaina Paschoal
Janaina Paschoal | Senado | S√£o Paulo,"@JanainaDoBrasil Janaina, passou. Em elei√ß√µes, sempre algu√©m ganha e os outros perdem. Bola pra frente. Ajuda mais declara-se o seu voto, hoje. Apoie seu candidato. Vote no que n√£o √© ladr√£o e ajude a manter o pa√≠s no rumo certo. Vamos √† 2a fase!!!!",N√ÉO,Janaina Paschoal
Janaina Paschoal | Senado | S√£o Paulo,@JanainaDoBrasil Que liberdade que tanto essa turma minion defende? A liberdade de fechar m√≠dia como a UOL?,N√ÉO,Janaina Paschoal
Janaina Paschoal | Senado | S√£o Paulo,"@JanainaDoBrasil Voc√™ √© uma verdadeira decep√ß√£o, n√£o voto e nunca votarei eu voc√™!!! Lutou contra a corrup√ß√£o do PT, e apoia a corrup√ß√£o do Bostaonaro!!! Voc√™ faz parte da nojeira que contamina os pol√≠ticos do Pa√≠s!!!",SIM,Janaina Paschoal
Janaina Paschoal | Senado | S√£o Paulo,@JanainaDoBrasil Jana√≠na...se fecha fia!!! 4 anos falando merda...esse ano acaba seu sucesso,SIM,Janaina Paschoal
Janaina Paschoal | Senado | S√£o Paulo,@JanainaDoBrasil Claro! Falou que √© porcaria √© com voc√™ mesmo! Novidade nenhuma!,SIM,Janaina Paschoal
Janaina Paschoal | Senado | S√£o Paulo,@MauricioReale @JanainaDoBrasil Sentimento ruim devia ter vergonha de expor,SIM,Janaina Paschoal
Janaina Paschoal | Senado | S√£o Paulo,"@JanainaDoBrasil Para de mimimi... Candidatos a qualquer coisa s√£o advers√°rios e n√£o necessariamente inimigos!!!
Qual o problema da foto??? 
Eu voltarei em @astro_pontes e fim de papo. √â 2Ô∏è‚É£2Ô∏è‚É£2Ô∏è‚É£ üáßüá∑üáßüá∑üáßüá∑",SIM,Janaina Paschoal
Janaina Paschoal | Senado | S√£o Paulo,"@JanainaDoBrasil Claro que gosta 
Ele √© sem no√ß√£o, imbecil e escroto como vc",SIM,Janaina Paschoal
Janaina Paschoal | Senado | S√£o Paulo,"@JanainaDoBrasil A sua sorte s√£o as vozes na sua cabe√ßa, amada. Voc√™ √© t√£o louca que tem at√© uma personalidade compositora.",SIM,Janaina Paschoal
Janaina Paschoal | Senado | S√£o Paulo,@JanainaDoBrasil Todos descobriram que tu √© louca!,SIM,Janaina Paschoal
Janaina Paschoal | Senado | S√£o Paulo,"@JanainaDoBrasil CREDIBILIDADE ABAIXO DE ZERO
- A verdade √©, que exceto Luladr√£o (DEFINITIVAMENTE O MAIOR LADR√ÉO E CORRUPTO QUE A HUMANIDADE JAMAIS CONHECEU), nada no Brasil √© t√£o ligado INTRINSECAMENTE √† todo tipo de fraudes  em Pesquisas Eleitorais do que este Ipec, antigo IBOPE.",N√ÉO,Janaina Paschoal
Janaina Paschoal | Senado | S√£o Paulo,"@JanainaDoBrasil A quest√£o vai muito al√©m da ideologia. Car√°ter e princ√≠pio n√£o se compram!!!
Cuidado com aqueles que nos cercam e se dizem amigos, mas apoiam e votam em corruptos! O PT e a esquerda votaram contra o fim da saidinha de presos!",N√ÉO,Janaina Paschoal
Janaina Paschoal | Senado | S√£o Paulo,"@JanainaDoBrasil - ele falou que ela era vergonha pro jornalismo (e realmente, √©) em momento inoportuno e inconveniente apenas pra aparecer, mas n√£o houve agress√£o.

- resumindo, ele foi um ot√°rio imbecil, mas n√£o um agressor. E ela podia ter confirmado sobre o contrato e ter ignorado o cara.",N√ÉO,Janaina Paschoal
Janaina Paschoal | Senado | S√£o Paulo,@JanainaDoBrasil √â Jana ... coisa t√° feia. J√° anuncia seu voto no astronauta üöÄ,N√ÉO,Janaina Paschoal
Janaina Paschoal | Senado | S√£o Paulo,"@raimunda_faria @gildatleite @MarciaPDL22 @carlaopignatari @rodrigogarcia_ @AssembleiaSP Nenhum desses ter√£o  meu voto,  ou da minha fam√≠lia,  fora traidores, vamos tirar safados da alesp, tem d +. Aprovem o PDL22 j√°  
#RodrigoGarciaRuim 
@AssembleiaSP @JanainaDoBrasil 
@analicefernandes @gilmacisantos10 
@Haddad_Fernando 
@PSDB_SP OMISSO",N√ÉO,Janaina Paschoal
Janaina Paschoal | Senado | S√£o Paulo,"@JanainaDoBrasil Janaina, nem para Deputado Estadual - cargo - serviu, imagina l√°, em Bras√≠lia. 

Fala para mim, voc√™ tem capacidade de lotar a Av.Paulista? 

Voc√™ vive com a cabe√ßa em 2018, achando que s√≥ foi voc√™. 

Ainda tem essa... https://t.co/U8OW1s2Dff",SIM,Janaina Paschoal
Janaina Paschoal | Senado | S√£o Paulo,"@JanainaDoBrasil Estranho seria a prezada ter outra percep√ß√£o a respeito do ""suposto"" padre. Algu√©m que v√™ qualidades em Bolsonaro, defende qualquer saco de merda... Vcs se merecem!!!",SIM,Janaina Paschoal
Janaina Paschoal | Senado | S√£o Paulo,"@JanainaDoBrasil bozominions, vcs falam de 2018 mas esquecem que o ju√≠z PARCIAL, her√≥i de vcs, prendeu, SEM PROVAS, o candidato franco favorito √†quele pleito. Agora a hist√≥ria √© outro. O temor da amada a√≠ faz sentido.
Dia 02 por volta das 19h chorem a derrota desse cara que vcs elegeram (2018).",N√ÉO,Janaina Paschoal
Janaina Paschoal | Senado | S√£o Paulo,"@JanainaDoBrasil Se enxergue, criatura hist√©rica. Ningu√©m te ofereceu nada. Voc√™ vai perder e ser esquecida em um bueiro qualquer. Sua ascens√£o foi apenas um vexame.",SIM,Janaina Paschoal
Janaina Paschoal | Senado | S√£o Paulo,"@JanainaDoBrasil Amada, tu √© uma franga fraca.
Beijos de luz",SIM,Janaina Paschoal
Janaina Paschoal | Senado | S√£o Paulo,"@JanainaDoBrasil Vixe, o inferno at√© estremeceu!",N√ÉO,Janaina Paschoal
Janaina Paschoal | Senado | S√£o Paulo,"@luizhmello_pv @Jaspion8820 @viliton1 @Iraceminha2022 @JanainaDoBrasil @jairbolsonaro Exatamente.
Por MUITO TEMPO, avaliei assim, pois tenho uma filha.
Pesei a ""governabilidade"", mas vi ser MERO PRETEXTO pois n√£o conseguimos APROVAR a principal causa da associa√ß√£o com Ciro Nogueira, corrupto que conhe√ßo, pois vim do Piau√≠.
N√£o √© mais poss√≠vel ADMITIR TANTO!",N√ÉO,Janaina Paschoal
Janaina Paschoal | Senado | S√£o Paulo,@JanainaDoBrasil A louca achando que entende de pol√≠tica.,SIM,Janaina Paschoal
Janaina Paschoal | Senado | S√£o Paulo,"@tododiaumapaisa @votosecreto20 @JanainaDoBrasil um dia a idade chegar√° e qnd nada mais importar vc ver√° o imbecil q vc foi tendo podido fazer o bem, escolheu a mesquinharia. vc acha q o fruto dessa arvore pode ser bom?",SIM,Janaina Paschoal
Janaina Paschoal | Senado | S√£o Paulo,"@JanainaDoBrasil Deve ser namoradinho dela por isso ela n√£o fala, como perante a lei considera-se estupro sempre que for menor de 12 anos ent√£o fica esse terreno nebuloso e os malucos abortistas fazendo tudo pra destruir o bebe. N√ÉO HOUVE ESTUPRO!",SIM,Janaina Paschoal
Janaina Paschoal | Senado | S√£o Paulo,"@flferronato @JanainaDoBrasil Ta ressentida nesse cora√ß√£ozinho peludo, fica n√£o amada. 2024 t√° a√≠, tenta pra prefeita, vereadora talvez, texano t√° amada!",SIM,Janaina Paschoal
Janaina Paschoal | Senado | S√£o Paulo,@JanainaDoBrasil A deputada envergonha o pa√≠s ao ficar do lado daqueles que maltrataram a democracia brasileira !,SIM,Janaina Paschoal
Janaina Paschoal | Senado | S√£o Paulo,"@JackSantana83 @JanainaDoBrasil O Luladr√£o falou que o povo do interior de S√£o Paulo √© ignorante!! Est√° na hora do povo da a resposta para este bandido nas urnas, no dia 02 de outubro.",N√ÉO,Janaina Paschoal
Janaina Paschoal | Senado | S√£o Paulo,@JanainaDoBrasil Cada dia mais louca kkkkkkk,SIM,Janaina Paschoal
Janaina Paschoal | Senado | S√£o Paulo,"@JanainaDoBrasil Perdeu a boquinha, agora quer diminuir",SIM,Janaina Paschoal
Janaina Paschoal | Senado | S√£o Paulo,"@JanainaDoBrasil Tome se gardenal, pelo visto nem para pentear o cabelo deu no dia destas fotos de perfil tamanha a loucura de pensar a onde vai mamar sem seu Boso para te apoiar",SIM,Janaina Paschoal
Janaina Paschoal | Senado | S√£o Paulo,@MessiaKulaif @JanainaDoBrasil N√£o autorizo um imbecil como voc√™ comentar meus posts,N√ÉO,Janaina Paschoal
Janaina Paschoal | Senado | S√£o Paulo,"@JanainaDoBrasil Votei em voc√™ e minha filha, esquerdista, vai votar tamb√©m porque.passei todo seu mandato mostrando para ela o importante papel que realizou na ALESP.",N√ÉO,Janaina Paschoal
Janaina Paschoal | Senado | S√£o Paulo,@lbezerrabsb @JanainaDoBrasil Est√° desesperada pois escolheu tentar o senado e n√£o ser√° eleita e vai@perder a boquinha ! Tchau querida,SIM,Janaina Paschoal
Janaina Paschoal | Senado | S√£o Paulo,"@italocosta_adm @decabird @JanainaDoBrasil Esse cara s√≥ fica co√ßando o saco e falando merda. O caso da COVID foi crime contra a humanidade, descaso ! Isso √© papel de presidente ? Tem muita gente que s√≥ baba ovo para ele ! Uma pena pq ele representa tudo de ruim e quem se identifica se iguala a ele. Nojo! O criminoso √© ele",N√ÉO,Janaina Paschoal
Janaina Paschoal | Senado | S√£o Paulo,"@JanainaDoBrasil Fia, as pesquisas s√£o para solidificar a fraude? Os brasileiros n√£o s√£o mais idiotas.",N√ÉO,Janaina Paschoal
Janaina Paschoal | Senado | S√£o Paulo,@Magnode88853803 @JanainaDoBrasil Porra-louca,SIM,Janaina Paschoal
Janaina Paschoal | Senado | S√£o Paulo,"@JanainaDoBrasil Toma vergonha, passou 4 anos apunhalando nosso presidente Bolsonaro 
https://t.co/bT1tiZ3Bu5",SIM,Janaina Paschoal
Janaina Paschoal | Senado | S√£o Paulo,@andrebelini @JanainaDoBrasil √â uma gente bandida,SIM,Janaina Paschoal
Janaina Paschoal | Senado | S√£o Paulo,@JanainaDoBrasil Tome vergonha na cara voc√™‚Ä¶ deturpando falas como de h√°bito‚Ä¶ s√≥ que agora a quadrilha te abandonou‚Ä¶ falando pras paredes.. v√° se tratar,SIM,Janaina Paschoal
Janaina Paschoal | Senado | S√£o Paulo,"@JanainaDoBrasil Ningu√©m mais acredita em vcs, a mamata t√° acabando. Vai ser uma varrida geral, da presid√™ncia, passando pelo senado, c√¢mara e assembleia legislativas. O povo acordou e vai mandar o fascismo para o esgoto de volta",N√ÉO,Janaina Paschoal
Janaina Paschoal | Senado | S√£o Paulo,"@JanainaDoBrasil E vc se sente orgulhosa, n√©? A oposi√ß√£o deita e rola. Se o dinheiro voltasse para os cofres p√∫blicos, ok. Mas n√£o volta. Ent√£o vc faz papel de tola.",SIM,Janaina Paschoal
Janaina Paschoal | Senado | S√£o Paulo,"@CegaFe @M_DORIGATTI @JackSantana83 @JanainaDoBrasil Ent√£o eu posso falar que vc √© um jumento, energ√∫meno, um imbecil e, que tudo ficar√° em um contexto? Acorda",N√ÉO,Janaina Paschoal
Janaina Paschoal | Senado | S√£o Paulo,@JanainaDoBrasil Por isso √© doida!,SIM,Janaina Paschoal
Janaina Paschoal | Senado | S√£o Paulo,"@JanainaDoBrasil Que aberra√ß√£o, senhor da gl√≥ria!!!!",N√ÉO,Janaina Paschoal
Janaina Paschoal | Senado | S√£o Paulo,"@JanainaDoBrasil N√£o te bloqueio porque gosto de assistir gente que t√°, mentalmente, mais na merda que eu.

Vai na f√©.",SIM,Janaina Paschoal
Janaina Paschoal | Senado | S√£o Paulo,@ffenix2222 @MarcioM61326104 @JanainaDoBrasil Sinto muito mais n√£o ganha  meu voto pra nada.  Um louca de pedra em qualquer lugar s√≥ d√° preju√≠zo. Lembra dela se unindo com o D√≥ria cal√ßa apertada. Ela ajudou a destruir s√£o Paulo,SIM,Janaina Paschoal
Janaina Paschoal | Senado | S√£o Paulo,"@JanainaDoBrasil Voc√™ est√° mais louca do que nunca !!
#MarcosPontesSenadorSP",SIM,Janaina Paschoal
Janaina Paschoal | Senado | S√£o Paulo,"@JanainaDoBrasil Jana√≠na vc e inteligente, n√£o sei em quem votar, mas n√£o devemos votar em m um ladr√£o um ex presidi√°rio e tantos outros adjetivos, temos que parar se sermos hip√≥critas o Brasil n√£o quer ladr√£o condenado.",N√ÉO,Janaina Paschoal
Janaina Paschoal | Senado | S√£o Paulo,@JanainaDoBrasil Cada dia mais rid√≠cula e rancorosa.,SIM,Janaina Paschoal
Janaina Paschoal | Senado | S√£o Paulo,@JanainaDoBrasil Uma quest√£o de coer√™ncia e vergonha.,N√ÉO,Janaina Paschoal
Janaina Paschoal | Senado | S√£o Paulo,@JanainaDoBrasil Desiste ! Vc vai eleger um comunista com essa conduta teimosa !,N√ÉO,Janaina Paschoal
Janaina Paschoal | Senado | S√£o Paulo,"@gen_heleno Infelizmente, o brasileiro s√≥ consegue ver a merda q fez depois de colocar uma merda num cargo p√∫blico. Exemplo: @JanainaDoBrasil foi a Deputada Estadual mais votada do pa√≠s em 2018 por SP e n√£o conseguiu se reeleger. O mineiro tamb√©m acordar√° do pesadelo depois do estrago feito.",SIM,Janaina Paschoal
Janaina Paschoal | Senado | S√£o Paulo,"@Debora_D_Diniz @JanainaDoBrasil U√©, mas √© o papo de mais mulheres na pol√≠tica? Ah sim, tem que ser apoiadores do ladr√£o...",N√ÉO,Janaina Paschoal
Janaina Paschoal | Senado | S√£o Paulo,"@IdaHiromi @PeKeImon @JanainaDoBrasil Claro, incompetente e mentiroso igual a todos os outros q vcs amam, passo mal",SIM,Janaina Paschoal
Janaina Paschoal | Senado | S√£o Paulo,"@JanainaDoBrasil E se o Bolsonaro ganhar? T√° tudo bem? N√£o se importa com os im√≥veis comprados em dinheiro, com o fund√£o eleitoral, com o or√ßamento secreto. A corrup√ß√£o √© relativa, √© isso?",N√ÉO,Janaina Paschoal
Janaina Paschoal | Senado | S√£o Paulo,@SomenteKC @hoc111 Transferi meu voto em @hoc111 para federal e pro senado votarei na louca da @JanainaDoBrasil pra tentar evitar os postes do Lula q deixar√° a cadeira pro pres do PSOL e do JB pq aquele astronauta √± fez porcaria nenhuma!,SIM,Janaina Paschoal
Janaina Paschoal | Senado | S√£o Paulo,@JanainaDoBrasil @astro_pontes Pra que isso? Voc√™ t√° louca?,SIM,Janaina Paschoal
Janaina Paschoal | Senado | S√£o Paulo,"@FerreiraGolden @AVolpiano @AdolfoZiurkelis @JanainaDoBrasil ""Nenhuma igreja reconhece louca"". Caramba que frase impressionante, sua maneira de se expressar precisa melhorar mesmo que seja para ofender.",SIM,Janaina Paschoal
Janaina Paschoal | Senado | S√£o Paulo,"@jacobus_sa @marciapira @Cecilia63560549 @Ricardo38972531 @JanainaDoBrasil Jesus, vc √© mesmo um jumento, n√£o me admira que seja bolsonarista. Deve ter  Estabelidade(Sic), que nem seu presidente.kkkkk",SIM,Janaina Paschoal
Janaina Paschoal | Senado | S√£o Paulo,@LidiaConta @JanainaDoBrasil Essa louca pode fazer o que quiser. mas n√£o levar√° meu voto jamais.,SIM,Janaina Paschoal
Janaina Paschoal | Senado | S√£o Paulo,@Leotitiu @priscilllando @JanainaDoBrasil Como √© que pode aqueles que tem um ladr√£o de estima√ß√£o criticar pessoas que tem outros tipo de pol√≠tico de estima√ß√£o o que seria pior ? Procure se informar sobre o tal decreto dos direitos humanos que os nove dedos tentou implantar no pa√≠s j√° por tr√™s vezes seria uma ditafura,N√ÉO,Janaina Paschoal
Janaina Paschoal | Senado | S√£o Paulo,"@JanainaDoBrasil Atitude feia a sua, muito feita e cheia de ressentimento. Que triste fim Jana√≠na, vc √© t√£o preparada, poderia somar ao pa√≠s!!!",N√ÉO,Janaina Paschoal
Janaina Paschoal | Senado | S√£o Paulo,"@JanainaDoBrasil Jana√≠na com todo amor , vc foi mais uma que se elegeu na onda bolsonarista anti-PT, ‚Äúanticorrup√ß√£o ‚Äú, vc tirou a Dilma do poder, vc era uma deusa pro gado, mas vc tinha que seguir a cartilha do BOZO que √© a mesma do LULA. S√£o todos iguais",N√ÉO,Janaina Paschoal
Janaina Paschoal | Senado | S√£o Paulo,"@MarcoCiampi8 @JanainaDoBrasil Ela √© meia bosta 
Vc como um merda deveria votar em bosta inteira 
Vote em um petista üòâüòâ",SIM,Janaina Paschoal
Janaina Paschoal | Senado | S√£o Paulo,@JanainaDoBrasil Caralho essa foi uma das piores sensa√ß√µes de vergonha alheia que eu j√° senti kkkkkkkkk,SIM,Janaina Paschoal
Janaina Paschoal | Senado | S√£o Paulo,"@JanainaDoBrasil Para quem luta pela moraliza√ß√£o √© conscientiza√ß√£o na pol√≠tica, promover o voto camar√£o √© meio fora da caixinha....",N√ÉO,Janaina Paschoal
Janaina Paschoal | Senado | S√£o Paulo,@JanainaDoBrasil Tchau esquerdista,N√ÉO,Janaina Paschoal
