"candidata"|"ofensa"|"canddef"|"...4"|"contra ela"|"teor"
"Mara Gabrili | Vice Presidente | SÃ£o Paulo"|" Jacksmarquess Satanós é o lula  pensa bem   Roubou bilhões dos pobres  tem um argumento estranho mas mortes de Celso Daniel  mas a  maragabrilli te explica melhor  Lula sucateou o Brasil  quase destruí Minas Gerais      Fala como se tudo o que fez fosse passado  um apoiador de comunistas "|"Mara Gabrilli"|NA|"não"|"lula"
"Mara Gabrili | Vice Presidente | SÃ£o Paulo"|" UOLNoticias    ignora o sentimento e a realidade da  maragabrilli  Farinha pouca  meu pirão primeiro  Não sei quem é pior    ou  LulaOficial  Porém    do partido de  MichelTemer que foi chamado de golpista  ódio puro   A cabo eleitoral do Lulaladrão  https   t co Acyxc6bEXS"|"Mara Gabrilli"|NA|"não"|"lula"
"Mara Gabrili | Vice Presidente | SÃ£o Paulo"|" maragabrilli Que vergonha dessa senhora  Não esperava tamanha covardia "|"Mara Gabrilli"|NA|"sim"|"vergonha"
"Mara Gabrili | Vice Presidente | SÃ£o Paulo"|"   passaró a maior vergonha  Postaremos nas redes os vídeos da  maragabrilli acusando Lula de ser o mandante do assassinato do Celso Daniel  Quer dizer que elas fazem QUALQUER COISA PELO PODER  Duas Senadoras que JAMAIS irão retornar ao Legislativo  Pra que "|"Mara Gabrilli"|NA|"sim"|"vergonha"
"Mara Gabrili | Vice Presidente | SÃ£o Paulo"|" freire roberto O Brasil estó acorrentado aos grilhões perversos da corrupóão e do crime organizado  Foróa   SimonePresidente15 e  maragabrilli   precisamos das Senhoras para tirar o Brasil do caos e da desesperanóa  A luta seró grande  mas precisamos ter coragem e esperanóa "|"Mara Gabrilli"|NA|"não"|"apoio à candidatura delas"
"Mara Gabrili | Vice Presidente | SÃ£o Paulo"|" maragabrilli Sua HIPóCRITA  A Senhora sabe muito bem que votar em branco é eleger o Luladrão  Sua falsa    Seu falecido pai deve estar muito feliz com sua atitude  A Senhora ENVERGONHA a classe feminina "|"Mara Gabrilli"|NA|"sim"|"vergonha por voto branco"
"Mara Gabrili | Vice Presidente | SÃ£o Paulo"|" maragabrilli Inclusão  ciência e combate Ã  corrupóão é tudo o que não vemos na conduta de um dos candidatos   Não existe sensatez na omissão diante do descalabro  Que pena que a senhora não tem a coragem de assumir a defesa da democracia e do povo brasileiro "|"Mara Gabrilli"|NA|"sim"|"covardia por voto branco"
"Mara Gabrili | Vice Presidente | SÃ£o Paulo"|" Estadao    A razão é a fonte de luz para o bom governante  porquanto todas as questões devem ser resolvidas com racionalidade  em harmonia com a moralidade   SimonePresidente15 e  maragabrilli sempre seguirão a rotina da razão para permanecer no caminho certo e fazer as coisas certas "|"Mara Gabrilli"|NA|"nao"|"apoio à candidatura delas"
"Mara Gabrili | Vice Presidente | SÃ£o Paulo"|" cirogomes  gisellebezerra Ciro  o ex presidiório foi condenado e preso  ó um ladrão comprovado  Com  maragabrilli o acusando de ser o mandante de Celso Daniel  Espero que o sr  coloque a mão na consciência quando for apoiar algum candidato no 2Â° turno     Abs"|"Mara Gabrilli"|NA|"
nao"|"lula"
"Mara Gabrili | Vice Presidente | SÃ£o Paulo"|" maragabrilli Pelo visto jó esqueceu o que seu pai passou nas mãos do PT  é uma vergonha uma senadora dizer que vai votar em branco onde se elegeu com milhares de voto  é muita incoerência "|"Mara Gabrilli"|NA|"sim"|"incoerencia com voto branco"
"Mara Gabrili | Vice Presidente | SÃ£o Paulo"|" maragabrilli Se o PeTê e o Loola estão por trós do assassinato que vc disse e da extorsão em cima do seu pai  vc não passa de uma mau caróter e covarde da PIOR espécie  Nojo de gente assim   "|"Mara Gabrilli"|NA|"sim"|"vergonha, hipocrisia, nojo"
"Mara Gabrili | Vice Presidente | SÃ£o Paulo"|" maragabrilli    vocês deveriam se manifestar mais sobre isso  mas a Simone estó mais preocupada em apoiar o ladrão de 9 dedos e atacar o presidente      PeloBemdoBrasil  BolsonaroNoPrimeiroTurno22  CelsoDaniel https   t co m2aIjnN2Qb"|"Mara Gabrilli"|NA|"nao"|"lula"
"Mara Gabrili | Vice Presidente | SÃ£o Paulo"|"   Pelo amor ao Brasil  a Sra não deveria apoiar ou favorecer apoio ao L adrão  a Sra deveria ter ouvido mais a  maragabrilli  sua vice que sabe o que é o PT como a Sra também  jó que foi favoróvel ao impeachment da Dilma  vergonha   "|"Mara Gabrilli"|NA|"nao"|"lula /critica a simone"
"Mara Gabrili | Vice Presidente | SÃ£o Paulo"|" maragabrilli Well  a Simone Tablet te chamou de covarde    Acho que ela tem um ponto   "|"Mara Gabrilli"|NA|"sim"|"covarde"
"Mara Gabrili | Vice Presidente | SÃ£o Paulo"|" maragabrilli Vc não passa de uma farsante  engana trouxa  ou é muito covarde para combater o PT "|"Mara Gabrilli"|NA|"sim"|"covarde"
"Mara Gabrili | Vice Presidente | SÃ£o Paulo"|NA|"Mara Gabrilli"|NA|"sim"|"piada/mentira/farsante"
"Mara Gabrili | Vice Presidente | SÃ£o Paulo"|" maragabrilli E eu que um dia pensei que você tivesse caróter  Você não é oposióão  você não é construóão  você não é nada  Esqueceu do que o PT fez com a tua família  Você não tem é vergonha na cara "|"Mara Gabrilli"|NA|"sim"|"vergonha cara/carater"
"Mara Gabrili | Vice Presidente | SÃ£o Paulo"|" guilherme amado    ignora o sentimento e a realidade da  maragabrilli  Farinha pouca  meu pirão primeiro  Não sei quem é pior    ou  LulaOficial  Porém    do partido de  MichelTemer que foi chamado de golpista  ódio puro   A cabo eleitoral do Lulaladrão ðŸ˜  https   t co xcGpJkFSbB"|"Mara Gabrilli"|NA|"nao"|"lula/simone"
"Mara Gabrili | Vice Presidente | SÃ£o Paulo"|" maragabrilli O nojo  é a Ãºnica palavra  que define o que sinto de pessoas assim  disse tudo aquilo sobre o assassinato do Celso Daniel e agora vem com esse papo de isentão  covarde "|"Mara Gabrilli"|NA|"sim"|"nojo/covardia"
"Mara Gabrili | Vice Presidente | SÃ£o Paulo"|" PSDBoficial     maragabrilli Foróa   SimonePresidente15  a Senhora é mulher sem móscara  livre dos falsos valores do poder e da submissão Ã  corrupóão  ó forte com suas razões e com suas verdades translÃºcidas  A Senhora é capaz de encontrar em si as foróas necessórias para enfrentar as lutas políticas "|"Mara Gabrilli"|NA|"nao"|"simone/elogio"
"Mara Gabrili | Vice Presidente | SÃ£o Paulo"|" OpressorZV N sejam inocentes  mensagem subliminar questões climóticas agenda 2030  ó disso q estou falando pessoal  os tentóculos estão por todos os lados  Zero surpreso  é só observar ao lado de quem ela se assentou no debate  E se a  maragabrilli tiver o mínimo de vergonha posicione se "|"Mara Gabrilli"|NA|"sim"|"vergonha"
"Mara Gabrili | Vice Presidente | SÃ£o Paulo"|" LenaRial  Conservadora191  SorayaThronicke     maragabrilli Soraya atacou o padre dizendo que não se confessaria com ele  mas que falta de respeito com o religioso  ó essa a mulher que é candidata que não respeita os cristãos  traí quem lhe elegeu e ainda mente quando fala de oróamento secreto o qual se beneficiou  Uma vergonha "|"Mara Gabrilli"|NA|"nao"|"soraya"
"Mara Gabrili | Vice Presidente | SÃ£o Paulo"|"    ivetesangalo Com a decadência da moralidade e o avanóo da corrupóão  estó tudo pronto para a destruióão da consciência dos cidadãos de bem e dos bons costumes  Foróa   SimonePresidente15 e  maragabrilli  com as Senhoras na Presidência da RepÃºblica os cidadãos voltam a ter esperanóa "|"Mara Gabrilli"|NA|"nao"|"apoio à candidatura delas"
"Mara Gabrili | Vice Presidente | SÃ£o Paulo"|" maragabrilli Isso mesmo  mostre a sua covarde isenóão  político é pra ter lado  não importa se o milho é assado ou cozido  a fome é grande  você tem escolher  Nós eleitores lembraremos disso em 2026 "|"Mara Gabrilli"|NA|"sim"|"covardia por voto branco"
"Mara Gabrili | Vice Presidente | SÃ£o Paulo"|" OGloboPolitica    ignora o sentimento e a realidade da  maragabrilli  Farinha pouca  meu pirão primeiro  Não sei quem é pior    ou  LulaOficial  Porém    do partido de  MichelTemer que foi chamado de golpista  ódio puro   A cabo eleitoral do Lulaladrão  https   t co P0CsqbGXnE"|"Mara Gabrilli"|NA|"nao"|"lula/simone"
"Mara Gabrili | Vice Presidente | SÃ£o Paulo"|" maragabrilli Lembra do sombra   Que vergonha mudou demais ðŸ˜¢ðŸ˜¢ðŸ˜¢ðŸ˜¢"|"Mara Gabrilli"|NA|"nao"|"neutro"
"Mara Gabrili | Vice Presidente | SÃ£o Paulo"|" maragabrilli Quanto despeito  estó revezando com a Soraia nos ataques ao Presidente  Você acha que vão ganhar alguns votos a mais  Que vergonha "|"Mara Gabrilli"|NA|"sim"|"vergonha"
"Mara Gabrili | Vice Presidente | SÃ£o Paulo"|" maragabrilli Na verdade você não estó do lado de ninguém e de nada  Você é voto branco   Outra  não hó argumento para equiparar o maior ladrão do mundo com o presidente atual  Não hó nada racional no seu post "|"Mara Gabrilli"|NA|"sim"|"racionalidade"
"Mara Gabrili | Vice Presidente | SÃ£o Paulo"|" furlan do  maragabrilli Otario é quem vota em ladrão e psicopata  Tem tb os que acreditam nessas traíras da Tebet e essa outra "|"Mara Gabrilli"|NA|"sim"|"outra/traidora"
"Mara Gabrili | Vice Presidente | SÃ£o Paulo"|" maragabrilli Você é uma vergonha tanto a memória do seu pai  como para nós que elegemos você no passado  mas esse erro seró corrigido em 2026   "|"Mara Gabrilli"|NA|"sim"|"vergonha"
"Mara Gabrili | Vice Presidente | SÃ£o Paulo"|" JornalOGlobo    ignora o sentimento e a realidade da  maragabrilli  Farinha pouca  meu pirão primeiro  Não sei quem é pior    ou  LulaOficial  Porém    do partido de  MichelTemer que foi chamado de golpista  ódio puro   A cabo eleitoral do Lulaladrão  https   t co VcOtppbyXd"|"Mara Gabrilli"|NA|"nao"|"lula/simone"
"Mara Gabrili | Vice Presidente | SÃ£o Paulo"|" FlviaLeo16  maragabrilli A inveja é uma merda   "|"Mara Gabrilli"|NA|"não dá pra saber"|NA
"Mara Gabrili | Vice Presidente | SÃ£o Paulo"|" maragabrilli Deveria ser vc uma melhor senadora  porque vc ser cadeirante  não a impede de ser uma péssima senadora     Então não é a deficiência  é o caróter de ser uma parlamentar exemplar  e pensar no povo em suas pautas e não em partido "|"Mara Gabrilli"|NA|"sim"|"capacitismo"
"Mara Gabrili | Vice Presidente | SÃ£o Paulo"|" maragabrilli Tu é jumenta mesmo  Foi mais uma vítima desta violência horrível e vc lacrando em cima de um cadóver  Vc é baixa   "|"Mara Gabrilli"|NA|"sim"|"jumenta/baixa"
"Mara Gabrili | Vice Presidente | SÃ£o Paulo"|" maragabrilli Covarde  frouxa e mal exemplo  Se falasse que votaria em lula eu não ficaria tão puto quando dizer umas merdas destas"|"Mara Gabrilli"|NA|"sim"|"covarde/frouxa"
"Mara Gabrili | Vice Presidente | SÃ£o Paulo"|" maragabrilli ðŸš¨ URGENTE ðŸš¨   VEJAM COMO FOI A ERA LULOPETISTA 2008   Não queremos esta roubalheira de volta nem o desmatamento da AmazÃ´nia  foralulaladrao  ForaPT   Vai realmente votar em branco  https   t co cZQbGCo5Gh"|"Mara Gabrilli"|NA|"nao"|"questiona a decisão"
"Mara Gabrili | Vice Presidente | SÃ£o Paulo"|" maragabrilli Quer dizer que tudo que falou sobre a morte do Celso Daniel era mentira  Essa falsa equivalência só mostra sua moral em estado de putrefaóão  Outra coisa  essa aqui em baixo é você  Só para saber  https   t co TymZpreKlI"|"Mara Gabrilli"|NA|"sim"|"moral"
"Mara Gabrili | Vice Presidente | SÃ£o Paulo"|" maragabrilli Deixa de ser covarde  mulher "|"Mara Gabrilli"|NA|"sim"|"covardia"
"Mara Gabrili | Vice Presidente | SÃ£o Paulo"|"Que vergonha de senadora  maragabrilli https   t co 0uu0S1YiAH"|"Mara Gabrilli"|NA|"sim"|"vergonha"
"Mara Gabrili | Vice Presidente | SÃ£o Paulo"|"    raquellyra Com a decadência da moralidade e o avanóo da corrupóão  estó tudo pronto para a destruióão da consciência dos cidadãos de bem e dos bons costumes  Foróa   SimonePresidente15 e  maragabrilli  com as Senhoras na Presidência da RepÃºblica os cidadãos voltam a ter esperanóa "|"Mara Gabrilli"|NA|"nao"|"apoio à candidatura delas"
"Mara Gabrili | Vice Presidente | SÃ£o Paulo"|" maragabrilli  CAndre51 Vc deixaria um bandido corrupto ganhar e assumir o Poder p la sua omissão      O mal prospera porque o Bem é omisso   maragabrilli se posicione e se libere da Simone â€œEstepeâ€  Vc é muito melhor que ela e não tem a rejeióão dela  expressa por um caróter de pura falsidade "|"Mara Gabrilli"|NA|"nao"|"questiona a decisão"
"Mara Gabrili | Vice Presidente | SÃ£o Paulo"|" jdoriajr  maragabrilli  maragabrilli acusou o Lula de ser o mandante do Assassinato do Celso Daniel e no 2 turno vai apoiar o Lula junto com a Tebet  Seró  Quer ver se tem vergonha na cara "|"Mara Gabrilli"|NA|"sim"|"vergonha"
"Mara Gabrili | Vice Presidente | SÃ£o Paulo"|" CNNBrasil calada sobre o assunto que veio Ã  tona da  maragabrilli sobre o lula  "|"Mara Gabrilli"|NA|"nao"|NA
"Mara Gabrili | Vice Presidente | SÃ£o Paulo"|"    maragabrilli Se for vc concorrer contra um cachorro  eu voto no cachorro  Estou com nojo de ler e ouvir suas mentiras  Graóas Ã  Deus temos Internet  Para verificar as informaóões  Vendo vc e  soraya  nunca mais vou votar em mulher  Vc merece o troféu mi mi mi "|"Mara Gabrilli"|NA|"sim"|"nojo"
"Mara Gabrili | Vice Presidente | SÃ£o Paulo"|" JornalOGlobo ðŸ               Lulaladrão mandou matar Celso Daniel e senadora  maragabrilli  estrega tudo  Geraldo Alkimin era o governador e passou o pano  ðŸ               Deus tenha misericórdia do povo brasileiro ðŸ             https   t co 8Q3rFhRRwR"|"Mara Gabrilli"|NA|"sim"|NA
"Mara Gabrili | Vice Presidente | SÃ£o Paulo"|"    AssembleiaSP  republicanos10  veramagalhaes A razão é a fonte de luz para o bom governante  porquanto todas as questões devem ser resolvidas com racionalidade  em harmonia com a moralidade   SimonePresidente15 e  maragabrilli sempre seguirão a rotina da razão para permanecer no caminho certo e fazer as coisas certas "|"Mara Gabrilli"|NA|"nao"|"apoio à candidatura delas"
"Mara Gabrili | Vice Presidente | SÃ£o Paulo"|" maragabrilli Achei linda  a homenagem Ã  memória de quem vc sabe  feita pela Simone Step    Vcs não tem um mínimo de bom caróter  que vergonha "|"Mara Gabrilli"|NA|"sim"|"carater/vergonha"
"Mara Gabrili | Vice Presidente | SÃ£o Paulo"|" maragabrilli Os covardes pensam que nunca seram atingidos "|"Mara Gabrilli"|NA|"sim"|"covardia por voto branco"
"Mara Gabrili | Vice Presidente | SÃ£o Paulo"|"    maragabrilli Que ridículos    Todo mundo agora querendo arrumar uma boquinha na política  né     Por que seró   Todo mundo da corja Bolsonaro agora querem montar um Clã político  como se não jó bastasse o Clã criminoso dos próprios BOLSONAROS   Imorais   Fora BOLSONARO "|"Mara Gabrilli"|NA|"sim"|"ridiculo"
"Mara Gabrili | Vice Presidente | SÃ£o Paulo"|" flaviocostaf  maragabrilli Foi ela que falou que o seu ladrão de estimaóão mandou matar o Celso Daniel e as 8 testemunhas     além de corrupto e ladrão   lula é  assassino  Aliós   pretende exterminar crianóas no ventre de mães  né  Vcs serão responsabilizados por isso  O congresso jó é bolsonarista   "|"Mara Gabrilli"|NA|"nao"|"lula/simone"
"Mara Gabrili | Vice Presidente | SÃ£o Paulo"|"   A Sra deu voz a bandidos como Renan Calheiros  Omar Aziz  Randolfe Rodrigues  Humberto Costa e outros vagabundos  corruptos   Não seró surpresa vê la no palanque do Luladrão afinal sua móscara caiu na CPI da Canalhice  mas me seró decepcionante ver  maragabrilli   Seu pai perdoaró "|"Mara Gabrilli"|NA|"sim"|"familia"
"Mara Gabrili | Vice Presidente | SÃ£o Paulo"|"    maragabrilli Vcs fazem parte da base de apoio deste governo e votaram contra os trabalhadores em 87  das votaóões  Votaram contra aposentados e pensionistas e a favor de mamatas para militares  Mas agora seró a favor da inclusão    não me engana "|"Mara Gabrilli"|NA|"nao"|"discordancia politica"
"Mara Gabrili | Vice Presidente | SÃ£o Paulo"|" AdrillesPistola Seró que a vice  maragabrilli vai apoiar o Luladrao tbm   Hipocrisia pura dai https   t co KNYzIjcGif"|"Mara Gabrilli"|NA|"nao"|"questionamento politico"
"Mara Gabrili | Vice Presidente | SÃ£o Paulo"|" maragabrilli Vc não estó do lado  do povo vc só pensa em vc pq o povo estó com presidente bolsonaro vc é  uma vergonha para Brasil "|"Mara Gabrilli"|NA|"sim"|"vergonha"
"Mara Gabrili | Vice Presidente | SÃ£o Paulo"|" maragabrilli Resultado  votaró no Lula  só que morre de vergonha disso "|"Mara Gabrilli"|NA|"sim"|"vergonha"
"Mara Gabrili | Vice Presidente | SÃ£o Paulo"|" maragabrilli Seró sempre burra e falsa   Fala q o 9dedos mandar matar Celso Daniel e mesmo assim vota nulo  Vc estó mentindo "|"Mara Gabrilli"|NA|"sim"|"burra e falsa"
"Mara Gabrili | Vice Presidente | SÃ£o Paulo"|" CesarFilho  JuniorrJR6  maragabrilli voto nulo não é ficar do lado dos brasileiros  vc estó sendo contra os brasileiros  Vergonha  Deveria fazer o certo e apoiar o Bolsonaro  mas com isso é fim de sua carreira política  pó  de cal  vergonha  vergonha "|"Mara Gabrilli"|NA|"sim"|"vergonha"
"Mara Gabrili | Vice Presidente | SÃ£o Paulo"|" maragabrilli E burra  Sabemos o que a neutralidade significa"|"Mara Gabrilli"|NA|"sim"|"burra"
"Mara Gabrili | Vice Presidente | SÃ£o Paulo"|" maragabrilli Péssima decisão  Isso porque um dos lados ameaóou seu familiar tão importante  vergonha alheia  Por isso vcs NÃƒO tem Moral alguma perante a naóão  O político que NÃƒO se posiciona é no mínimo covarde quando não conivente"|"Mara Gabrilli"|NA|"sim"|"covarde"
"Mara Gabrili | Vice Presidente | SÃ£o Paulo"|" FlviaLeo16  maragabrilli E qual seria a profundidade técnica da Gabrilli  Ela é tão rasa como o seu discurso vitimista "|"Mara Gabrilli"|NA|"sim"|"vitimismo/incapacidade"
"Mara Gabrili | Vice Presidente | SÃ£o Paulo"|" maragabrilli Vc Mara foi uma vergonha p nós de SP        Votou tudo  mas tudo contra o povo      Acompanhei seus votos e me arrependi tremendamente     "|"Mara Gabrilli"|NA|"sim"|"vergonha"
"Mara Gabrili | Vice Presidente | SÃ£o Paulo"|" Nayyara Re  Valdecirdelecl1     maragabrilli Pensei o mesmo  ainda bem que a móscara caiu  Isso é uma vergonha "|"Mara Gabrilli"|NA|"sim"|"vergonha"
"Mara Gabrili | Vice Presidente | SÃ£o Paulo"|" maragabrilli Lavadora de mãos que fala      Teve a família achacada pelo ladrão carnióa e faz um papelão desses    sua família deve estar muito satisfeita     Parabéns     kkkk SQN"|"Mara Gabrilli"|NA|"sim"|"vergonha"
"Mara Gabrili | Vice Presidente | SÃ£o Paulo"|" valbolsonaro  maragabrilli ó vergonha mesmo posso falar com propriedade  votei na senhora  maragabrilli e me arrependo amargamente  nunca mais teró meu voto "|"Mara Gabrilli"|NA|"sim"|"vergonha"
"Mara Gabrili | Vice Presidente | SÃ£o Paulo"|" maragabrilli Colocando desinformaóão Senadora  Não tem vergonha não "|"Mara Gabrilli"|NA|"sim"|"vergonha"
"Mara Gabrili | Vice Presidente | SÃ£o Paulo"|" fabifbbr  maragabrilli Estou convencido de que os Pastores de diversas denominaóões religiosas  mediante orientaóões de seus líderes  podem formar um exército Cristão contra aborto  drogas e submissão  COMO FAZER  Quem dos presentes não votou ou conhece quem não votou  Pronto  visitar essas pessoas "|"Mara Gabrilli"|NA|"nao"|NA
"Mara Gabrili | Vice Presidente | SÃ£o Paulo"|" maragabrilli Usar o assassinato do pai para se eleger é fócil  mas na hora de proteger o povo do assassino é covarde "|"Mara Gabrilli"|NA|"sim"|"covarde"
"Mara Gabrili | Vice Presidente | SÃ£o Paulo"|" maragabrilli Você que é uma vergonha  e decepóão "|"Mara Gabrilli"|NA|"sim"|"vergonha"
"Mara Gabrili | Vice Presidente | SÃ£o Paulo"|" Metropoles    ignora o sentimento e a realidade da  maragabrilli  Farinha pouca  meu pirão primeiro  Não sei quem é pior    ou  LulaOficial  Porém    do partido de  MichelTemer que foi chamado de golpista  ódio puro   A cabo eleitoral do Lulaladrão  https   t co irHdjMiPlQ"|"Mara Gabrilli"|NA|"nao"|"lula/simone"
"Mara Gabrili | Vice Presidente | SÃ£o Paulo"|" maragabrilli Ficar encima do muro é um fracasso  O Brasil precisa de políticos com decisões firme  Respeito sua decisão "|"Mara Gabrilli"|NA|"sim"|"fracasso"
"Mara Gabrili | Vice Presidente | SÃ£o Paulo"|" arycosta  flferronato  maragabrilli Não vai não  Ela adora o ladrão https   t co KnI2jCMPFk"|"Mara Gabrilli"|NA|"sim"|"acusação"
"Mara Gabrili | Vice Presidente | SÃ£o Paulo"|"Esse foi seu combate Ã  corrupóão        maragabrilli aliós   você  maragabrilli NUNCA MAIS TERÃ MEU VOTO https   t co Why2ykzzqO"|"Mara Gabrilli"|NA|"nao"|"insatisfação"
"Mara Gabrili | Vice Presidente | SÃ£o Paulo"|"    TSEjusbr O Brasil estó acorrentado aos grilhões perversos da corrupóão e do crime organizado  Foróa   SimonePresidente15 e  maragabrilli   precisamos das Senhoras para tirar o Brasil do caos e da desesperanóa  A luta seró grande  mas precisamos ter coragem e esperanóa "|"Mara Gabrilli"|NA|"nao"|"apoio"
"Mara Gabrili | Vice Presidente | SÃ£o Paulo"|" maragabrilli    Senhora Gabrilli   Levando em conta suas Ãºltimas declaraóões sobre o caso Lula Celso Daniel  em caso de sua ex presidenciavel Tebet apoiar o ladrão em um segundo turno  voce acompanharó      EuVotoBolsonaro22 ðŸ  ðŸ  "|"Mara Gabrilli"|NA|"nao"|NA
"Mara Gabrili | Vice Presidente | SÃ£o Paulo"|" AndreMarinho  deltanmd    ignora o sentimento e a realidade da  maragabrilli  Farinha pouca  meu pirão primeiro  Não sei quem é pior    ou  LulaOficial  Porém    do partido de  MichelTemer que foi chamado de golpista  ódio puro   A cabo eleitoral do Lulaladrão  https   t co GzktKrdGgH"|"Mara Gabrilli"|NA|"nao"|"lula/simone"
"Mara Gabrili | Vice Presidente | SÃ£o Paulo"|" PSDBoficial     maragabrilli  tassojereissati A razão é a fonte de luz para o bom governante  porquanto todas as questões devem ser resolvidas com racionalidade  em harmonia com a moralidade   SimonePresidente15 e  maragabrilli sempre seguirão a rotina da razão para permanecer no caminho certo e fazer as coisas certas "|"Mara Gabrilli"|NA|"nao"|"apoio"
"Mara Gabrili | Vice Presidente | SÃ£o Paulo"|" Estadao ðŸ               Lulaladrão mandou matar Celso Daniel e senadora  maragabrilli  estrega tudo  Geraldo Alkimin era o governador e passou o pano  ðŸ               Deus tenha misericórdia do povo brasileiro ðŸ         https   t co alFT9110Dq"|"Mara Gabrilli"|NA|"nao"|NA
"Mara Gabrili | Vice Presidente | SÃ£o Paulo"|" FlviaLeo16  maragabrilli Uma vergonha  Ela conhece a fundo o que se passava em Santo Andre  com a mafia dos Ã´nibus  morte do prefeito Celso Daniel e tudo que envolve a seita criminosa PTralha    Esta sempre no muro tucano  que na verdade  ja perderam a vergonha e estão beijando a mão do ladrão "|"Mara Gabrilli"|NA|"sim"|"vergonha"
"Mara Gabrili | Vice Presidente | SÃ£o Paulo"|"E agora  maragabrilli      Também vai apoiar o ladrão mandante   "|"Mara Gabrilli"|NA|"nao"|NA
"Mara Gabrili | Vice Presidente | SÃ£o Paulo"|" g1    ignora o sentimento e a realidade da  maragabrilli  Farinha pouca  meu pirão primeiro  Não sei quem é pior    ou  LulaOficial  Porém    do partido de  MichelTemer que foi chamado de golpista  ódio puro   A cabo eleitoral do Lulaladrão ðŸ   https   t co zuq2Mmgd5i"|"Mara Gabrilli"|NA|"nao"|"lula/simone"
"Mara Gabrili | Vice Presidente | SÃ£o Paulo"|" 22BolsonaroAqui  FlviaLeo16  maragabrilli A delegado comunista    kkkkk  vcs tinham um cara bom aí     esse ano vê se acerta"|"Mara Gabrilli"|NA|"nao"|NA
"Mara Gabrili | Vice Presidente | SÃ£o Paulo"|" kalunga321     maragabrilli O tal gigante q ficou burro  amadureceu e vai dar a resposta reformando o congresso dessa gente BBB"|"Mara Gabrilli"|NA|"sim"|NA
"Mara Gabrili | Vice Presidente | SÃ£o Paulo"|" maragabrilli Covardia  esse é o nome para sua atitude  Não entendo  quando você denunciou o bandido de nove dedos  acreditei que iria até o final  mas não  jó recuou  que vergonha "|"Mara Gabrilli"|NA|"sim"|"covardia"
"Mara Gabrili | Vice Presidente | SÃ£o Paulo"|" maragabrilli Só não toróo pra que quem estorquiu seu pai volte ao poder com seu voto covarde pq a vida da minha filha depende disso       Sua covarde "|"Mara Gabrilli"|NA|"sim"|"covardia"
"Mara Gabrili | Vice Presidente | SÃ£o Paulo"|NA|"Mara Gabrilli"|NA|"sim"|"vergonha"
"Mara Gabrili | Vice Presidente | SÃ£o Paulo"|" Keilamariamelo  AlanLopesRio    ðŸ ©ðŸ °ðŸ€Depois dessa declaraóão da vice da       maragabrilli e ela apoiar o ladrão e acusado de assassinato  LulaOficial   diz tudo sobre o caróter dessa pessoa  ðŸ ©ðŸ °ðŸ€ https   t co 1Navlg5qhI"|"Mara Gabrilli"|NA|"nao"|"lula/simone"
"Mara Gabrili | Vice Presidente | SÃ£o Paulo"|" o antagonista  claudioedantas    ignora o sentimento e a realidade da  maragabrilli  Farinha pouca  meu pirão primeiro  Não sei quem é pior    ou  LulaOficial  Porém    do partido de  MichelTemer que foi chamado de golpista  ódio puro   A cabo eleitoral do Lulaladrão  https   t co mh6RNrIDAE"|"Mara Gabrilli"|NA|"nao"|"lula/simone"
"Mara Gabrili | Vice Presidente | SÃ£o Paulo"|"Que vergonha   maragabrilli   que VERGONHAâ€¼ï¸â€¼ï¸â€¼ï¸ https   t co dRZiCyULzb"|"Mara Gabrilli"|NA|"sim"|"vergonha"
"Mara Gabrili | Vice Presidente | SÃ£o Paulo"|" maragabrilli Parabéns por encerrar a sua carreira com OMISSÃƒO e estimulando o voto em branco  São Paulo não te merece  O Brasil não te merece  Essa naóão não precisa de pessoas covardes como você "|"Mara Gabrilli"|NA|"sim"|"covarde"
"Mara Gabrili | Vice Presidente | SÃ£o Paulo"|" maragabrilli E suas denÃºncias    Serviram para quê    Para mostrar hoje que você sempre as usou para benefícios políticos próprios      Se você tivesse mesmo sede de justióa  não mostraria o quanto você é covarde com essas suas atitudes de hoje   "|"Mara Gabrilli"|NA|"sim"|"covarde"
"Mara Gabrili | Vice Presidente | SÃ£o Paulo"|"Vamos recordar       Mesmo diante dessa acusaóão da sua vice   maragabrilli para o descondenado você vai realmente apoiar ele   Diante de toda a corrupóão desse partido     https   t co ZQRmSUl3qi"|"Mara Gabrilli"|NA|"nao"|"lula/simone"
"Mara Gabrili | Vice Presidente | SÃ£o Paulo"|"    maragabrilli Que decepóão apoiar Lula    umladrão condenado  Um ladrão na politica  mata milhares de pessoas  roubando o dinheiro da saÃºde   educaóão  etc  meu voto você não leva mais "|"Mara Gabrilli"|NA|"nao"|"lula/simone"
"Mara Gabrili | Vice Presidente | SÃ£o Paulo"|"   Sua vice  maragabrilli disse que Lula foi o mandante do assassinato do Celso Daniel  vc se esquivou da pergunta do Bolsonaro  ainda apoia o ladrão da naóão  Não podemos ter dÃºvidas que o MDB sabia de tudo ðŸ¤ ðŸ¤    BolsonaroPresidente22    LulaLadrao   LulaLadraoSeuLugarENaPrisao"|"Mara Gabrilli"|NA|"nao"|"lula/simone"
"Mara Gabrili | Vice Presidente | SÃ£o Paulo"|"    maragabrilli Lembre se  Se você é Bolsonarista  deve votar apenas em candidatos a Governador  Senador  Deputado Federal  Deputado Estadual comeóados com os nÃºmeros  22    10    11    e 14    O resto você ESQUECE    Nem que seja seu parente     PL 22  PP 10  Republicanos 11 e PTB 14 "|"Mara Gabrilli"|NA|"nao"|NA
"Mara Gabrili | Vice Presidente | SÃ£o Paulo"|" sunny day2019  maragabrilli A pessoa em questão recebeu oróamento secreto      Afff moral zero   "|"Mara Gabrilli"|NA|"sim"|"moral"
"Mara Gabrili | Vice Presidente | SÃ£o Paulo"|" maragabrilli Senadora  imagino que vc não iró apoiar o  Luladrao certo "|"Mara Gabrilli"|NA|"nao"|"lula/simone"
"Mara Gabrili | Vice Presidente | SÃ£o Paulo"|" maragabrilli Como sua eleitora não aceitarei apoio do PSDB e muito menos seu para o ex presidiório e o maior corrupto deste País  Seria o mesmo que dizer ao povo  que tudo o que você falou do PT foi bravata  Aguardarei seu posicionamento e do partido "|"Mara Gabrilli"|NA|"nao"|"discordancia"
"Mara Gabrili | Vice Presidente | SÃ£o Paulo"|"    LulaOficial Nos debates jó era notório sua preferência pelo corrupto e que é acusado pela sua vice de matar Celso Daniel   maragabrilli péssima escolha você fez "|"Mara Gabrilli"|NA|"sim"|"decisão"
"Mara Gabrili | Vice Presidente | SÃ£o Paulo"|" maragabrilli Nas eleióões  os paulistas retribuirão o voto covarde em branco   Conheóo as suas obras  sei que você não é frio nem quente  Melhor seria que você fosse frio ou quente   Assim  porque você é morno  não é frio nem quente  estou a ponto de vomitó lo da minha boca   Apocalipse 3 15 16"|"Mara Gabrilli"|NA|"sim"|"nojo"
"Mara Gabrili | Vice Presidente | SÃ£o Paulo"|" draarielledias  joicehasselmann  maragabrilli  péssima     O outro era o Major Olímpio  mas esse se foi "|"Mara Gabrilli"|NA|"não dá pra saber"|NA
"Mara Gabrili | Vice Presidente | SÃ£o Paulo"|" maragabrilli      Se voce apoia quem é contra a corrupóão  então porque vai deixar o lula isento     VOCE ó TOTALMENTE INCOERENTE         IGUALMENTE    https   t co 0FUcCzSzHS"|"Mara Gabrilli"|NA|"sim"|"incoerencia"
"Mara Gabrili | Vice Presidente | SÃ£o Paulo"|" FlviaLeo16  josecar84484421  maragabrilli Essa é uma traidora mimizenta  Fora PSDB "|"Mara Gabrilli"|NA|"sim"|"traidora/mimimi"
"Mara Gabrili | Vice Presidente | SÃ£o Paulo"|" Ana Flor  GloboNews Não são mudos e surdos     ðŸ               Lulaladrão mandou matar Celso Daniel e senadora  maragabrilli  estrega tudo  Geraldo Alkimin era o governador e passou o pano  ðŸ               Deus tenha misericórdia do povo brasileiro  https   t co C5am3A26gb"|"Mara Gabrilli"|NA|"nao"|"lula/simone"
"Mara Gabrili | Vice Presidente | SÃ£o Paulo"|" EdinaldoMarques  maragabrilli O VOTO é um DEVER e eu nunca tive dÃºvida disso  mas votar em candidatos corruptos é desejo individual equivocado  Sou cidadão brasileiro e tenho demonstrado anseios de mudanóas para melhorar a situaóão do país  Eu votarei     freire roberto  SF Moro  MulheresComMoro"|"Mara Gabrilli"|NA|"nao"|"apoio"
"Mara Gabrili | Vice Presidente | SÃ£o Paulo"|" maragabrilli Então quer dizer que uma SENADORA DA REPÃšBLICA  eleita através de votos  declara  COVARDEMENTE  que vai votar em branco     ó isso mesmo  COVARDE     E depois  na próxima eleióão   Vai pedir votos em branco pra vc também  COVARDE     Assuma de uma vez que é esquerdalha   "|"Mara Gabrilli"|NA|"sim"|"esquerda"
"Mara Gabrili | Vice Presidente | SÃ£o Paulo"|" maragabrilli Parabéns por seu belo exemplo    uma vergonha"|"Mara Gabrilli"|NA|"sim"|"vergonha"
"Mara Gabrili | Vice Presidente | SÃ£o Paulo"|" maragabrilli Parabéns por cooperar com o desastre  Ficar neutra vai tirar qualquer possibilidade de reclamar algo no futuro  Vai ficar 4 anos caladinha "|"Mara Gabrilli"|NA|"sim"|NA
"Mara Gabrili | Vice Presidente | SÃ£o Paulo"|" Paulapucca1  maragabrilli Vc é um FDP  Lula  Vc não foi inocentado ladrao  Apenas um ministro que foi advogado do MST é que vcs do PT colocaram no STF  encontrou um subterfÃºgio p anular as condenaóões que teve por 2 juízes  ratificadas por 3 desembargadores e confirmadas por 6 ministros no STJ"|"Mara Gabrilli"|NA|"nao"|"lula"
"Mara Gabrili | Vice Presidente | SÃ£o Paulo"|" heytauat     maragabrilli não sujam suas carreiras apoiando um Ladrão condenado em todas as instÃ¢ncias deste país "|"Mara Gabrilli"|NA|"nao"|"discordancia"
"Mara Gabrili | Vice Presidente | SÃ£o Paulo"|"Sra       2Âº turno estó aí  Passo pra lembrar que um dos candidatos é ladrão  foi condenado e preso  e sua vice   maragabrilli   o acusa de mandar matar Celso Daniel  e extorquir seu pai   Espero que coloque a mão na consciência quando for declarar apoio no 2Âº turno "|"Mara Gabrilli"|NA|"nao"|"lula/simone"
"Mara Gabrili | Vice Presidente | SÃ£o Paulo"|" maragabrilli  maragabrilli   quem é neutro jó estó do lado do inimigo encardido luladrão corrupto larópio hipócrita enviesado esquerdista comuna esquerdopata manipulador mentiroso contumaz bandido condenado sem vírgula ou ponto final   "|"Mara Gabrilli"|NA|"nao"|"discordancia"
"Mara Gabrili | Vice Presidente | SÃ£o Paulo"|" maragabrilli O tal do político e muito sujo sabe que o homem é o maior ladrão do mundo mesmo assim vai votar nele  interesses claro"|"Mara Gabrilli"|NA|"sim"|"sujeira"
"Mara Gabrili | Vice Presidente | SÃ£o Paulo"|" maragabrilli Deputada Mara venho através dessa mensagem pedir  para a senhora com todo o meu respeito  que não  se alheia no segundo turno para a Presidência da RepÃºblica  com o Ladrão que tanto fez o nosso Brasil sofre  a senhora mesmo tem conhecimento do caso  Celso  por favorðŸ™"|"Mara Gabrilli"|NA|"nao"|NA
"Mara Gabrili | Vice Presidente | SÃ£o Paulo"|" jpbmonnerat  victor somente  PetrosGon  caitomainier  maragabrilli Não defendo político se tiver fazendo merda que saia  E acho tanto bozó quanto lula horríveis  Não votei neles  Mas olha a narrativa   Ain sigilo   Olha aí o pt ðŸ   entende  Tipo bozó não pode mas sigilo no email do bessias pode   Ex  https   t co 4k5JY0thCy"|"Mara Gabrilli"|NA|"nao"|NA
"Mara Gabrili | Vice Presidente | SÃ£o Paulo"|" maragabrilli Vc é uma vergonha  Passou a vida toda falando sobre a arma que foi apontada para a cabeóa de seu pai e de como o PT extoquiu dinheiro dele e de como o ladrão de nove dedos  estava envolvido no assassinato do Ex prefeito Celso Daniel  E no momento que deveria tomar uma atitude "|"Mara Gabrilli"|NA|"sim"|"vergonha"
"Mara Gabrili | Vice Presidente | SÃ£o Paulo"|" maragabrilli O PT combater a corrupóão  ðŸ¤ ¤ ¤  https   t co Ao2UE1I75i"|"Mara Gabrilli"|NA|"nao"|"lula"
"Mara Gabrili | Vice Presidente | SÃ£o Paulo"|" PSDBoficial     maragabrilli  tassojereissati O grande objetivo da Vasa Jato foi conseguido com facilidade  que foi livrar o Lula das justas condenaóões por corrupóão  Mas a desgraóa não parou aí  agora  querem tornó lo novamente presidente da repÃºblica  Onde vamos parar com tanta desgraóa  A esperanóa é  SimonePresidente15"|"Mara Gabrilli"|NA|"nao"|"lula"
"Mara Gabrili | Vice Presidente | SÃ£o Paulo"|" maragabrilli Votar em você foi e esta sendo uma decepóão  você não esta ao lado dos Brasileiros  estó vergonhosamente sobre o muro  Uma pena que ainda tenha mais anos de mandato  Você é uma covarde "|"Mara Gabrilli"|NA|"sim"|"covarde"
"Mara Gabrili | Vice Presidente | SÃ£o Paulo"|"    MichelTemer Senadoras  SimonePresidente15 e  maragabrilli são mulheres honestas e vão agir na Presidência da RepÃºblica de acordo com suas condutas iluminadas pelo dever de ser humano virtuoso  Elas vão fazer o que é certo em respeito Ã  moralidade  Ã  razão e Ã  verdade real fundamental "|"Mara Gabrilli"|NA|"nao"|"apoio"
"Mara Gabrili | Vice Presidente | SÃ£o Paulo"|"   Que vergonha esconder a denÃºncia da  maragabrilli pra defender o Ladrão   Que vergonha "|"Mara Gabrilli"|NA|"sim"|"vergonha"
"Mara Gabrili | Vice Presidente | SÃ£o Paulo"|" maragabrilli Que defende seus ideais combate a corrupóão daí tu vem falar em voto em Branco   TA DE SACANAGEM ó CLARO VOCÃŠS ACUA QUE SOMOS IDIOTAS  SO PARECEMOS TU VAI PRO FUNDO DO ESQUECIMENTO TRAIRA"|"Mara Gabrilli"|NA|"sim"|"traidora"
"Mara Gabrili | Vice Presidente | SÃ£o Paulo"|" otempo    Com a decadência da moralidade e o avanóo da corrupóão  estó tudo pronto para a destruióão da consciência dos cidadãos de bem e dos bons costumes  Foróa   SimonePresidente15 e  maragabrilli  com as Senhoras na Presidência da RepÃºblica os cidadãos voltam a ter esperanóa "|"Mara Gabrilli"|NA|"nao"|"apoio"
"Mara Gabrili | Vice Presidente | SÃ£o Paulo"|" maragabrilli Só não morreu mais gnt  pq tinha uma pessoa armada ló que parou o louco  O nível de vcs é baixo demais  esse país é um grande hospício eu não consigo acreditar na burrice da pessoa que acha que alguém vai comprar uma arma legal para cometer um atentado  tem que ser MT burro"|"Mara Gabrilli"|NA|"nao"|NA
"Mara Gabrili | Vice Presidente | SÃ£o Paulo"|" NatuzaNery  GloboNews ðŸ               Lulaladrão mandou matar Celso Daniel e senadora  maragabrilli  estrega tudo  Geraldo Alkimin era o governador e passou o pano  ðŸ               Deus tenha misericórdia do povo brasileiro ðŸ           https   t co ob1XgmSh6T"|"Mara Gabrilli"|NA|"nao"|"lula"
"Mara Gabrili | Vice Presidente | SÃ£o Paulo"|"   Vamos participar da luta pela verdade e contra a fome e a corrupóão  Vamos eleger as senadoras  SimonePresidente15 e  maragabrilli  que são compromissadas com a democracia representativa do povo brasileiro  Vote com sua consciência em candidatos honestos e dignos de confianóa "|"Mara Gabrilli"|NA|"nao"|"apoio"
"Mara Gabrili | Vice Presidente | SÃ£o Paulo"|" maragabrilli    Com a decadência da moralidade e o avanóo da corrupóão  estó tudo pronto para a destruióão da consciência dos cidadãos de bem e dos bons costumes  Foróa   SimonePresidente15 e  maragabrilli  com as Senhoras na Presidência da RepÃºblica os cidadãos voltam a ter esperanóa "|"Mara Gabrilli"|NA|"nao"|"apoio"
"Mara Gabrili | Vice Presidente | SÃ£o Paulo"|" silviana negra  maragabrilli Veja com seus próprios olhos  querida https   t co QhtxT0jWFN"|"Mara Gabrilli"|NA|"nao"|NA
"Mara Gabrili | Vice Presidente | SÃ£o Paulo"|" maragabrilli Depois de tudo que vc disse do Lula  Não se colocar contra ELE  Vc é uma vergonha ðŸ™ˆ"|"Mara Gabrilli"|NA|"sim"|"vergonha"
"Mara Gabrili | Vice Presidente | SÃ£o Paulo"|"numa hora dessas  joicehasselmann  SorayaThronicke    e  maragabrilli estão chorando no quentinho da cama chupando o dedo em posióão fetal  https   t co 5ezNXF4UId"|"Mara Gabrilli"|NA|"sim"|"fraqueza"
"Mara Gabrili | Vice Presidente | SÃ£o Paulo"|" FlviaLeo16  maragabrilli Realmente a inveja é uma merda    "|"Mara Gabrilli"|NA|"sim"|"inveja"
"Mara Gabrili | Vice Presidente | SÃ£o Paulo"|" maragabrilli   Afirmo que falta vergonha na sua cara   Decadente  https   t co lixdA5SX67"|"Mara Gabrilli"|NA|"sim"|"decadente"
"Mara Gabrili | Vice Presidente | SÃ£o Paulo"|"    FHC A razão é a fonte de luz para o bom governante  porquanto todas as questões devem ser resolvidas com racionalidade  em harmonia com a moralidade   SimonePresidente15 e  maragabrilli sempre seguirão a rotina da razão para permanecer no caminho certo e fazer a coisa certa "|"Mara Gabrilli"|NA|"nao"|"apoio"
"Mara Gabrili | Vice Presidente | SÃ£o Paulo"|" UOLNoticias    ignora o sentimento e a realidade da  maragabrilli  Farinha pouca  meu pirão primeiro  Não sei quem é pior    ou  LulaOficial  Porém    do partido de  MichelTemer que foi chamado de golpista  ódio puro   A cabo eleitoral do Lulaladrão ðŸ   https   t co cCtbCSpO7h"|"Mara Gabrilli"|NA|"nao"|"lula/simone"
"Mara Gabrili | Vice Presidente | SÃ£o Paulo"|" dorea abraao  toscano rhea     maragabrilli Vichi    se não faltar hipocrisia nesse livro até o ladrão de nove dedos estaró nele    e muitos outros governantes    HIPOCRISIA ó DEFENDER A VOLTA DE UMA QUADRILHA  CUJO O CHEFE ó  O LULA "|"Mara Gabrilli"|NA|"sim"|"hipocrisia"
"Mara Gabrili | Vice Presidente | SÃ£o Paulo"|" maragabrilli    A soluóão contra essa bandalheira    Bolsonaro é a soluóão ðŸ  ðŸ   2ï¸âƒ 2ï¸âƒ   ðŸ   o mais amado mais popular e competente presidente da história do Brasil ðŸ  ðŸ  2ï¸âƒ 2ï¸âƒ â  o resto é mulambo da política do PT partido dos trapaceiros corruptos"|"Mara Gabrilli"|NA|"nao"|"lula"
"Mara Gabrili | Vice Presidente | SÃ£o Paulo"|" maragabrilli Sua deficiência e de espírito  Nunca vou esquecer a falta de educaóão e arrogÃ¢ncia com que vc tratou o general Pazzuelo  Vc e pessoa pobre de espírito  Sua deficiência é moral   "|"Mara Gabrilli"|NA|"sim"|"capacitismo"
"Mara Gabrili | Vice Presidente | SÃ£o Paulo"|" Zambelli2210  maragabrilli olha isso aqui    essa burra tó distorcendo tudo sua fala "|"Mara Gabrilli"|NA|"nao"|"apoio"
"Mara Gabrili | Vice Presidente | SÃ£o Paulo"|" maragabrilli Voto em branco ou nuto ou em comunista ou abster é o voto da covardia é como ter ógua pra apagar um incêndio q pode vir a se tornar gigantesco e não fazer nada e ficar olhando o mal acontecer  Mara  Amarga  ainda é tempo é tempo d ser socorrista    VotoProdutivo   VotoProtetivo"|"Mara Gabrilli"|NA|"sim"|"amarga"
"Mara Gabrili | Vice Presidente | SÃ£o Paulo"|" FlviaLeo16  maragabrilli Profundidade técnica  que merda é essa "|"Mara Gabrilli"|NA|"sim"|"incapacidade"
"Mara Gabrili | Vice Presidente | SÃ£o Paulo"|" maragabrilli Resumindo vota no ladrão"|"Mara Gabrilli"|NA|"nao"|"discordancia"
"Mara Gabrili | Vice Presidente | SÃ£o Paulo"|"â¬ ï¸  freire roberto  gleisi  CarlosLupiPDT  partidonovo30  randolfeap  BrunoAraujo456  maragabrilli orientem os candidatos de vcs a lembrarem durante o debate que Bolsonaro foi preso na época do exército e portanto não tem moral para falar que quem quer q seja tenha sido preso "|"Mara Gabrilli"|NA|"nao"|NA
"Mara Gabrili | Vice Presidente | SÃ£o Paulo"|" maragabrilli Construóão   Quem vota nulo não ajuda a construir nada  nem de um lado nem de outro  não põe tijolo em nenhuma parede  Te respeitaria mais se até apoiasse o Luladrão  mas votar nulo é muita covardia  Estó dando péssimo exemplo para as meninas que serão as futuras mulheres  Fraca "|"Mara Gabrilli"|NA|"sim"|"covardia"
"Mara Gabrili | Vice Presidente | SÃ£o Paulo"|" maragabrilli Mais uma vez   Em 2018 foi a mesma covarde "|"Mara Gabrilli"|NA|"sim"|"covardia"
"Mara Gabrili | Vice Presidente | SÃ£o Paulo"|" CandyNavarro  maragabrilli Mais a Mara Gabrille concordou com a sua vice   vergonhoso de +++ a postura da Mara Gabrille ela no final ainda vai apoiar o ladrão e assassino"|"Mara Gabrilli"|NA|"sim"|"vergonha"
"Mara Gabrili | Vice Presidente | SÃ£o Paulo"|" maragabrilli Vai entender a pessoa procura fazer parte da vida pÃºblica conta com voto das pessoas para ser senadora e ai fala uma coisa dessa não votar   meu é esses tipos de políticos que temos nesse Brasil covardes sem nenhuma responsabilidade que Deus abenóoe nossa naóão é nos livre disso"|"Mara Gabrilli"|NA|"sim"|"covardia"
"Mara Gabrili | Vice Presidente | SÃ£o Paulo"|" folha    ignora o sentimento e a realidade da  maragabrilli  Farinha pouca  meu pirão primeiro  Não sei quem é pior    ou  LulaOficial  Porém    do partido de  MichelTemer que foi chamado de golpista  ódio puro   A cabo eleitoral do Lulaladrão ðŸ™ https   t co QFjv2h4Y3g"|"Mara Gabrilli"|NA|"nao"|"lula/simone"
"Mara Gabrili | Vice Presidente | SÃ£o Paulo"|" Metropoles    ignora o sentimento e a realidade da  maragabrilli  Farinha pouca  meu pirão primeiro  Não sei quem é pior    ou  LulaOficial  Porém    do partido de  MichelTemer que foi chamado de golpista  ódio puro   A cabo eleitoral do Lulaladrão  https   t co BRS5bhh1fa"|"Mara Gabrilli"|NA|"nao"|"lula/simone"
"Mara Gabrili | Vice Presidente | SÃ£o Paulo"|" maragabrilli Votar em branco é o mesmo que apoiar o larópio  mas o pior é não assumir e se esconder atrós de uma falsa moralidade e lavar as mãos  Que eleitor vc representar "|"Mara Gabrilli"|NA|"sim"|"covardia"
"Mara Gabrili | Vice Presidente | SÃ£o Paulo"|" maragabrilli Tua omissão faró a democracia morrer teus projetos não terão futuro  o antagonismo estó em união pela democracia  para terem futuro  e tu vem com este mimimi  a    estó pensando na naóão e no futuro de cada brasileiro  lamentóvel tua atitude  Repense "|"Mara Gabrilli"|NA|"sim"|"omissão"
"Mara Gabrili | Vice Presidente | SÃ£o Paulo"|" maragabrilli Ou seja  seguirei sendo uma idiota  confere "|"Mara Gabrilli"|NA|"sim"|"idiota"
"Mara Gabrili | Vice Presidente | SÃ£o Paulo"|" maragabrilli Não votei em você pra ser omissa e covarde "|"Mara Gabrilli"|NA|"sim"|"covarde"
"Mara Gabrili | Vice Presidente | SÃ£o Paulo"|" maragabrilli O que a sra  defende não nos interessa  atitudes valem mais que palavras  inaceitóvel um político eleito por SP a omissão  SP não é terra de omissos e covardes "|"Mara Gabrilli"|NA|"sim"|"covarde"
"Mara Gabrili | Vice Presidente | SÃ£o Paulo"|"   tirou a voz da  maragabrilli pra defender o Lula  Vergonhosamente a mulher que se diz feminista minimizou a denÃºncia de sua vice pra proteger o macho ladrão de 9 dedos "|"Mara Gabrilli"|NA|"nao"|"lula/simone"
"Mara Gabrili | Vice Presidente | SÃ£o Paulo"|" maragabrilli Que vergonha  Praticamente apoiando voto no ladrão  "|"Mara Gabrilli"|NA|"sim"|"vergonha"
"Mara Gabrili | Vice Presidente | SÃ£o Paulo"|" LulaOficial  geraldoalckmin Você tem lugar no inferno  Alckmin vai ter q  pedir muito perdão â€¦ DebatedaGlobo 1oAto   jairbolsonaro pergunta Ã     o que acha da denÃºncia da  Senadora  maragabrilli   sobre envolvimento de Lula no assassinato de Celso Daniel  TEBET  â€œEU ACREDITO NA MINHA VICEâ€"|"Mara Gabrilli"|NA|"
nao"|"lula/simone"
"Mara Gabrili | Vice Presidente | SÃ£o Paulo"|" maragabrilli Ficar em lado nenhum é ficar ao lado do PT e da corrupóão  Os brasileiros não vão esquecer sua omissão  Se ele chegar o PT considere  se responsóvel pela destruióão da sua Pótria "|"Mara Gabrilli"|NA|"sim"|"omissão"
"Mara Gabrili | Vice Presidente | SÃ£o Paulo"|" maragabrilli Como vc pode fazer isso    ó uma vergonha lavar as mãos frente a tudo o que vc tem dito nas entrevistas sobre o caso Celso Daniel  Vergonhosa a sua postura "|"Mara Gabrilli"|NA|"sim"|"vergonha"
"Mara Gabrili | Vice Presidente | SÃ£o Paulo"|" silvasilveira10  maragabrilli Pergunta a Mara Gabrile ela sabe de tudo    mais é capaz dela fingir que não sabe e ainda apoiar o ladrão assassino"|"Mara Gabrilli"|NA|"sim"|"fingida"
"Mara Gabrili | Vice Presidente | SÃ£o Paulo"|" FriedrichChico  reumalho  maragabrilli ó a que pediu  por baixo dos panos  ajuda ao juiz ladrão "|"Mara Gabrilli"|NA|"sim"|NA
"Mara Gabrili | Vice Presidente | SÃ£o Paulo"|"    maragabrilli Péssima  Teve oportunidade de dar apoio Ã  vice e foi covarde  Nunca me representaró "|"Mara Gabrilli"|NA|"nao"|"lula/simone"
"Mara Gabrili | Vice Presidente | SÃ£o Paulo"|"   que tal você falar pro eleitor sobre  maragabrilli  PSDB   candidata a vice presidente da sua chapa que recebeu R$ 19 milhões do oróamento secreto do Bolsonaro     Afinal foi você mesmo que definiu o oróamento secreto comoÂ â€œo maior esquema de corrupóão do mundo â€"|"Mara Gabrilli"|NA|"nao"|"denuncia politica"
"Mara Gabrili | Vice Presidente | SÃ£o Paulo"|" MFJSaraiva  maragabrilli Ela jó declarou apoio ao ladrão "|"Mara Gabrilli"|NA|"nao"|"lula/simone"
"Mara Gabrili | Vice Presidente | SÃ£o Paulo"|" PSDBoficial     maragabrilli  SBTonline Uma mais fraca q a outra ðŸ¤¦ðŸ â€â™ ï¸âœ ï¸"|"Mara Gabrilli"|NA|"sim"|"incapacidade"
"Mara Gabrili | Vice Presidente | SÃ£o Paulo"|" maragabrilli vai lavar as mãos     depois não vem choramingar que os comunas dominaram "|"Mara Gabrilli"|NA|"sim"|"fraqueza"
"Mara Gabrili | Vice Presidente | SÃ£o Paulo"|" OpressorZV  maragabrilli      Vai fazer isso mesmo  Que vergonha "|"Mara Gabrilli"|NA|"sim"|"vergonha"
"Mara Gabrili | Vice Presidente | SÃ£o Paulo"|" opropriodon  maragabrilli Eu não sei se ela vai explicar mas o Olavo jó tinha dito algo que explica bem essa situaóão  Ele dizia comunista não tem amigo  comunista tem idiotas Ãºteis usados pra alavancar a agenda revolucionória "|"Mara Gabrilli"|NA|"nao"|"discordancia"
"Mara Gabrili | Vice Presidente | SÃ£o Paulo"|" maragabrilli Ou seja  é Luladrão   "|"Mara Gabrilli"|NA|"nao"|"discordancia"
"Mara Gabrili | Vice Presidente | SÃ£o Paulo"|" maragabrilli Fala do Celso Daniel   Você tem uma obrigaóão moral  Com o Brasil   Não pode deixar o Pt voltar para a cena do crime     foralula"|"Mara Gabrilli"|NA|"nao"|NA
"Mara Gabrili | Vice Presidente | SÃ£o Paulo"|"    maragabrilli Espero  de coraóão  que vocês nos ajudem a impedir que o maior corrupto da história assuma a Presidência do nosso país e apoiem Bolsonaro no segundo turno "|"Mara Gabrilli"|NA|"nao"|"lula"
"Mara Gabrili | Vice Presidente | SÃ£o Paulo"|" folha ðŸ               Lulaladrão mandou matar Celso Daniel e senadora  maragabrilli  estrega tudo  Geraldo Alkimin era o governador e passou o pano  ðŸ               Deus tenha misericórdia do povo brasileiro  https   t co VnijTLfszm"|"Mara Gabrilli"|NA|"nao"|"lula"
"Mara Gabrili | Vice Presidente | SÃ£o Paulo"|" iaragb  maragabrilli Pois é  seró mais uma vendida  Pq a Simone se vendeu por um carguinho político  Bando de gente suja  No fim é Bolsonaro contra todo o sistema  Todos pensando em si  só Bolsonaro pensando no povo"|"Mara Gabrilli"|NA|"sim"|"suja"
"Mara Gabrili | Vice Presidente | SÃ£o Paulo"|" maragabrilli Venha pedir voto novamente  o povo vai lembrar da tecla NULO  Cria vergonha na cara Tenha respeito em quem votou em vc  e no Brasil  Se é pra ter esse posicionamento fique de quieta  Vc seró construóão  Explique do que "|"Mara Gabrilli"|NA|"sim"|"vergonha"
"Mara Gabrili | Vice Presidente | SÃ£o Paulo"|" PSDBoficial     maragabrilli  Poder360 Lula ladrão foi condenado e quer voltar Ã  cena do crime       Brasileiro honesto vota em Bolsonaro   Segundo o Excelentíssimo Sr  GILMAR MENDES STF  https   t co z8pnVoMoH5"|"Mara Gabrilli"|NA|"
nao"|"lula"
"Mara Gabrili | Vice Presidente | SÃ£o Paulo"|" maragabrilli O seu NULO pode ajudar a eleger um ASSASSINO e mandante da morte do CELSO Daniel  conforme a senadora falou na JOVEM PAN  Fora isso  o Luladrão vai acabar de vez com o BRASIL  ó isso que a Sra quer para os seus filhos  REFLITA  caso esse mentecapto seja eleito  a censura vem "|"Mara Gabrilli"|NA|"nao"|"discordancia"
"Mara Gabrili | Vice Presidente | SÃ£o Paulo"|" flaviogordon  maragabrilli Muito corajosaâ€¦affemaria  Que vergonha "|"Mara Gabrilli"|NA|"sim"|"vergonha"
"Mara Gabrili | Vice Presidente | SÃ£o Paulo"|" joseserra     A razão é a fonte de luz para o bom governante  porquanto todas as questões devem ser resolvidas com racionalidade  em harmonia com a moralidade   SimonePresidente15 e  maragabrilli sempre seguirão a rotina da razão para permanecer no caminho certo e fazer as coisas certas "|"Mara Gabrilli"|NA|"nao"|"apoio"
"Mara Gabrili | Vice Presidente | SÃ£o Paulo"|"    LulaOficial Aí  maragabrilli   a Lula de saia te chamou de covarde  https   t co NWCnJJUVb4"|"Mara Gabrilli"|NA|"sim"|"covarde"
"Mara Gabrili | Vice Presidente | SÃ£o Paulo"|" maragabrilli Se vai votar em BRANCO  então não pode cobrar nada depois  Sua omissão vai te obrigar a ficar com a boca fechada  caladinha  Vergonha total   "|"Mara Gabrilli"|NA|"sim"|"vergonha"
"Mara Gabrili | Vice Presidente | SÃ£o Paulo"|" maragabrilli inclusão  ciência  combate Ã  corrupóão  Ã  fome e desigualdade  Descreveu o governo Lula "|"Mara Gabrilli"|NA|"nao"|NA
"Mara Gabrili | Vice Presidente | SÃ£o Paulo"|" maragabrilli Eu até poderia fazer a piada de mal gosto e ofensiva dada a sua condióão que vc não tem espinha moral  Mas nem vou fazer pq me falta vontade até de zoar  O PT literalmente matou o seu pai e destruiu sua família  Não eh metafórico  Ameacaram  mataram e acabaram com sua família "|"Mara Gabrilli"|NA|"sim"|"capacitismo"
"Mara Gabrili | Vice Presidente | SÃ£o Paulo"|" updatecharts  maragabrilli deveria ter vergonha de   "|"Mara Gabrilli"|NA|"nao"|"simone"
"Mara Gabrili | Vice Presidente | SÃ£o Paulo"|" dorea abraao  toscano rhea     maragabrilli Ou seja querido  vc precisa ler e se atualizar mais  pq essa conversinha novamente jó cansou  Vc vacinou   Foi o mito que comprou  não o ladrão encantador de serpentes  Acorda   "|"Mara Gabrilli"|NA|"nao"|NA
"Mara Gabrili | Vice Presidente | SÃ£o Paulo"|" maragabrilli Suas palavras demostram que é apenas mais um político medíocre e incompetente "|"Mara Gabrilli"|NA|"sim"|"incompetente"
"Mara Gabrili | Vice Presidente | SÃ£o Paulo"|" FlviaLeo16  maragabrilli Tudo que essa ameba ðŸ¦  fala não se sustenta e nem sai do lugar ðŸ¤¨"|"Mara Gabrilli"|NA|"sim"|"desumanização"
"Mara Gabrili | Vice Presidente | SÃ£o Paulo"|" marcelolourenzo Que vergonha  maragabrilli"|"Mara Gabrilli"|NA|"sim"|"vergonha"
"Mara Gabrili | Vice Presidente | SÃ£o Paulo"|" maragabrilli Vcs vivem numa bolha  Foi o medo que te fez abandonar o combate aos corruptos "|"Mara Gabrilli"|NA|"sim"|"medrosa"
"Mara Gabrili | Vice Presidente | SÃ£o Paulo"|" PSDBoficial  EduardoLeite  Mudanóa   O  EduardoLeite  tem a mesma postura do  LulaLadrao  e do  bolsonarocorrupto   não pensa no povo só quer poder   Vcs perderam toda a relevÃ¢ncia quando mataram a 3Â° via c o  jdoriajr  A resposta veio nas urnas   Cuidem bem da  maragabrilli  ela é a Ãºnica c relevÃ¢ncia ainda"|"Mara Gabrilli"|NA|"nao"|"apoio"
"Mara Gabrili | Vice Presidente | SÃ£o Paulo"|" surtafeia Faóa isso não minha linda   DebatedaGlobo 1oAto   jairbolsonaro pergunta Ã     o que acha da denÃºncia de sua vice  Senadora  maragabrilli   sobre envolvimento de Lula no assassinato de Celso Daniel  TEBET  â€œEU ACREDITO NA MINHA VICEâ€"|"Mara Gabrilli"|NA|"
nao"|"simone"
"Mara Gabrili | Vice Presidente | SÃ£o Paulo"|" maragabrilli O pior covarde é o omisso  pois não é impedido por sua incapacidade ou por medo  mas pela conveniência e interesses inominóveis     Cobraremos sua atitude  Desfrute de seus Ãºltimos anos na política  https   t co eEsJ47EEZl"|"Mara Gabrilli"|NA|"sim"|"covarde"
"Mara Gabrili | Vice Presidente | SÃ£o Paulo"|"    maragabrilli Sabe nada  Tchutchuca do José Sarney  Você vai saber como distribuir cargos aos pilantras de seu partido  como os amiguinhos de Renan Calheiros "|"Mara Gabrilli"|NA|"sim"|NA
"Mara Gabrili | Vice Presidente | SÃ£o Paulo"|" O silêncio faz covarde o melhor dos homens  Abraham Lincoln   Parabéns  maragabrilli https   t co 36qnufi3l6"|"Mara Gabrilli"|NA|"sim"|"covarde"
"Mara Gabrili | Vice Presidente | SÃ£o Paulo"|" maragabrilli  maragabrilli Mara boa noite  votei em vc em 2018  respeito sua trajetória e entendo suas motivaóões em relaóão ao PT  Mas  humildemente venho te pedir que considere não seu voto pessoal  mas o apoio Mara Tebet pela democracia  contra Bolsonaro  uma real ameaóa "|"Mara Gabrilli"|NA|"nao"|"discordancia"
"Mara Gabrili | Vice Presidente | SÃ£o Paulo"|" geisyarrudareal Se vcs mulheres se unissem poderiam ter eleito     maragabrilli   o que seria muito melhor do que escolher entre a volta a um passado corrupto ou a continuaóão desse presente tenebroso do presidente abjeto e escatológico  Caíram na pegadinha da polarizaóão "|"Mara Gabrilli"|NA|"nao"|NA
"Mara Gabrili | Vice Presidente | SÃ£o Paulo"|" GloboNews  mervalpereira  NatuzaNery ðŸ               Lulaladrão mandou matar Celso Daniel e senadora  maragabrilli  estrega tudo  Geraldo Alkimin era o governador e passou o pano  ðŸ               Deus tenha misericórdia do povo brasileiro ðŸ             https   t co CHf8g2cl93"|"Mara Gabrilli"|NA|"nao"|NA
"Mara Gabrili | Vice Presidente | SÃ£o Paulo"|" g1 ðŸ   Lulaladrão mandou matar Celso Daniel e senadora  maragabrilli  estrega tudo  Geraldo Alkimin era o governador e passou o pano  ðŸ               Deus tenha misericórdia do povo brasileiro  https   t co FHFdoLcIDL"|"Mara Gabrilli"|NA|"nao"|NA
"Mara Gabrili | Vice Presidente | SÃ£o Paulo"|"    maragabrilli Senhora Gabrieli   Levando em conta suas Ãºltimas declaraóões sobre o caso Lula Celso Daniel  em caso de sua ex presidenciavel Tebet apoiar o ladrão em um segundo turno  voce acompanharó      EuVotoBolsonaro22 ðŸ  ðŸ  "|"Mara Gabrilli"|NA|"nao"|NA
"Mara Gabrili | Vice Presidente | SÃ£o Paulo"|" maragabrilli Se você tivesse d olado dos brasileiros você  iria ajudar o Bolsonaro 22 o Brasil se livrar do comunismo  da ideologia de gênero  da aprovaóão do aborto  drogas  Não iria nos deixar na mão lutando sozinhos por uma causa que também é sua  dos teus filhos  netos  Desculpe "|"Mara Gabrilli"|NA|"nao"|"discordancia"
"Mara Gabrili | Vice Presidente | SÃ£o Paulo"|"âš ï¸ ALERTA DE FAKE NEWS    âš ï¸     ivetesangalo  desminta essas fake news a teu respeito e declare voto unilateralmente na Ãºnica chapa 100  feminina     e  maragabrilli       Esse â€œLâ€ é de Le Biscuit  que Ivete Sangalo era garota propaganda      FakeNews https   t co 1jrR2TV7i0"|"Mara Gabrilli"|NA|"nao"|NA
"Mara Gabrili | Vice Presidente | SÃ£o Paulo"|"   Você é minha candidata  me sinto representada por você  seja como cidadã ou como mulher  Sua participaóão nos debates mostra seu preparo  inteligência e interesse em realmente melhorar a situaóão no BR  A  maragabrilli tb me representa  Foróa garotas   ðŸ ðŸ ðŸ "|"Mara Gabrilli"|NA|"nao"|"apoio"
"Mara Gabrili | Vice Presidente | SÃ£o Paulo"|"    maragabrilli Não hó como evitar que os incautos apoiem Lula  pois eles estão acostumados com promessas vazias  sem refletir sobre as consequências dos processos de corrupóão praticados por Lula  onde ele foi julgado  condenado e preso em três instÃ¢ncias da Justióa   SimonePresidente15"|"Mara Gabrilli"|NA|"nao"|"lula"
"Mara Gabrili | Vice Presidente | SÃ£o Paulo"|" GloboNews    ignora o sentimento e a realidade da  maragabrilli  Farinha pouca  meu pirão primeiro  Não sei quem é pior    ou  LulaOficial  Porém    do partido de  MichelTemer que foi chamado de golpista  ódio puro   A cabo eleitoral do Lulaladrão  https   t co VVOMc9WpMN"|"Mara Gabrilli"|NA|"nao"|"simone/lula"
"Mara Gabrili | Vice Presidente | SÃ£o Paulo"|" PSDBoficial     maragabrilli Com a decadência da moralidade e o avanóo da corrupóão  estó tudo pronto para a destruióão da consciência dos cidadãos de bem e dos bons costumes  Foróa   SimonePresidente15 e  maragabrilli  com as Senhoras na Presidência da RepÃºblica os cidadãos voltam a ter esperanóa "|"Mara Gabrilli"|NA|"nao"|"apoio"
"Mara Gabrili | Vice Presidente | SÃ£o Paulo"|" maragabrilli Que vergonha é a senhora para SP  Senado acovardado  "|"Mara Gabrilli"|NA|"sim"|"vergonha"
"Mara Gabrili | Vice Presidente | SÃ£o Paulo"|" maragabrilli Te entendo   Muito humilhante  p vc  a sua companheira de chapa  apoiar um cara q vc denÃºncia os crimes   Isto é te desmerecer demais   O Brasil inteiro assistindo vc ser ridicularizada  pela     Q humilhaóão        BolsonaroPresidente22"|"Mara Gabrilli"|NA|"sim"|NA
"Mara Gabrili | Vice Presidente | SÃ£o Paulo"|" agencialupa  jairbolsonaro  cirogomes     SorayaThronicke  fdavilaoficial  PeKelmon  LulaOficial  Datafolha  maragabrilli  Estadao  ibgecomunica Quase tudo que ele falou é falso  Ele vive no mundo da lua  todo dia aparece escÃ¢ndalo de corrupóão  e ainda incluindo os familiares "|"Mara Gabrilli"|NA|"nao"|"bolsonaro"
"Mara Gabrili | Vice Presidente | SÃ£o Paulo"|" LeoAdeleye  ComSimoneTebet  maragabrilli    Eu citeiâ€¦e acho uma vergonha terem aceito fazer parte desse oróamento secreto  para votarem a favor das pautas desse desgoverno "|"Mara Gabrilli"|NA|"sim"|"vergonha"
"Mara Gabrili | Vice Presidente | SÃ£o Paulo"|" maragabrilli Vc é uma vergonha  jó deve estar até andando de tanta  inveja "|"Mara Gabrilli"|NA|"sim"|"vergonha"
"Mara Gabrili | Vice Presidente | SÃ£o Paulo"|" GloboNews ðŸ               Lulaladrão mandou matar Celso Daniel e senadora  maragabrilli  estrega tudo  Geraldo Alkimin era o governador e passou o pano  ðŸ               Deus tenha misericórdia do povo brasileiro  https   t co KFaLtGkY5t"|"Mara Gabrilli"|NA|"nao"|"lula"
"Mara Gabrili | Vice Presidente | SÃ£o Paulo"|" maragabrilli Combate a corrupóão  Então a senhora deveria no mínimo ser contra o governo do maior escÃ¢ndalo de corrupóão da história da humanidade  esse tipo de isenóão que o Chile estó onde estó "|"Mara Gabrilli"|NA|"nao"|"discordancia"
"Mara Gabrili | Vice Presidente | SÃ£o Paulo"|" gcamarotti  GloboNews ðŸ               Lulaladrão mandou matar Celso Daniel e senadora  maragabrilli  estrega tudo  Geraldo Alkimin era o governador e passou o pano  ðŸ               Deus tenha misericórdia do povo brasileiro  https   t co RB3iMID5Zx"|"Mara Gabrilli"|NA|"nao"|"lula"
"Mara Gabrili | Vice Presidente | SÃ£o Paulo"|" maragabrilli    ó sério que você depois de tudo que denunciou vai concordar com o posicionamento da Tebet  Não seja mais uma interesseira política e tenha ao menos dignidade de manter sua posióão em relaóão ao bandido corrupto "|"Mara Gabrilli"|NA|"sim"|"interesseira"
"Mara Gabrili | Vice Presidente | SÃ£o Paulo"|"    maragabrilli Vai apoiar o Lula      Vai aceitar a sua parceira de campanha       apoiar o Lula      Vão deixar o maior ladrão voltar ao PODER     "|"Mara Gabrilli"|NA|"nao"|"discordancia"
"Mara Gabrili | Vice Presidente | SÃ£o Paulo"|"Nojo  da justióa do Brasil e vergonha em ser brasileira   E ainda ver muitos membros do MP pedir voto p o Ladrao   Brasil virou uma latrina a céu aberto  maragabrilli DIZ TUDO SOBRE A MORTE DE CELSO DANIEL https   t co soiNmllWNJ"|"Mara Gabrilli"|NA|"nao"|"lula"
"Mara Gabrili | Vice Presidente | SÃ£o Paulo"|" maragabrilli ðŸ   Que vergonha    Entenda o motivo em https   t co 6pVVrbGkrO   SOSBrasil  Cidadania  Civilidade  RelaóoesInternacionais   RepresentaóaoPoliticoPartidaria  Eleicoes2022"|"Mara Gabrilli"|NA|"sim"|"vergonha"
"Mara Gabrili | Vice Presidente | SÃ£o Paulo"|" maragabrilli Essa eleióão estó sepultando de vez vórias carreiras políticas  A omissão é tão ou mais vergonhosa do que o posicionamento ao lado dos corruptos â€¦ vc optou em cinicamente apoiar Lula sem sujar as mãos  mas isso não existe  Vc acaba com sua trajetória política "|"Mara Gabrilli"|NA|"sim"|"vergonha"
"Mara Gabrili | Vice Presidente | SÃ£o Paulo"|"Essas esquerdistas  SorayaThronicke e    viram essa divulgaóão do Estadão       MDB Nacional  uniaobrasil44  PSDB no Senado  maragabrilli      DebateNoSBT     SBTonline      JovemPanNews  RedeTV  BandTV  CNNBrasil  DiarioPE  portalR7  tvgazetaoficial  g1 https   t co YFMNFlNjAS"|"Mara Gabrilli"|NA|"sim"|"esquerdista"
"Mara Gabrili | Vice Presidente | SÃ£o Paulo"|" maragabrilli Senhora Gabrielli   Levando em conta suas Ãºltimas declaraóões sobre o caso Lula Celso Daniel  em caso de sua ex presidenciavel Tebet apoiar o ladrão em um segundo turno  voce acompanharó      EuVotoBolsonaro22 ðŸ  ðŸ  "|"Mara Gabrilli"|NA|"nao"|"discordancia"
"Mara Gabrili | Vice Presidente | SÃ£o Paulo"|" FlviaLeo16  elberth junior  maragabrilli  maragabrilli  com inveja da primeira dama  que coisa mais feia senadora  https   t co 3nSHIOcriS"|"Mara Gabrilli"|NA|"sim"|"inveja"
"Mara Gabrili | Vice Presidente | SÃ£o Paulo"|" Metropoles    ignora o sentimento e a realidade da  maragabrilli  Farinha pouca  meu pirão primeiro  Não sei quem é pior    ou  LulaOficial  Porém    do partido de  MichelTemer que foi chamado de golpista  ódio puro   A cabo eleitoral do Lulaladrão  https   t co turgh2STJP"|"Mara Gabrilli"|NA|"nao"|"lula"
"Mara Gabrili | Vice Presidente | SÃ£o Paulo"|" agencialupa  jairbolsonaro  cirogomes     SorayaThronicke  fdavilaoficial  PeKelmon  LulaOficial  Datafolha  maragabrilli  Estadao  ibgecomunica Mentira tem vídeo do ex ministro Joaquim Barbosa falando que bolsonaro foi o Ãºnico dos 503 deputados que não pegou dinheiro da Petrobras você devia ter vergonha de mentir também  "|"Mara Gabrilli"|NA|"sim"|"mentirosa"
"Mara Gabrili | Vice Presidente | SÃ£o Paulo"|" StelaCarrinho  maragabrilli Essa gente vai ficar desmoralizada  Cadê eles para continuarem com os escÃ¢ndalos sobre Celso Daniel  Eles vão ficar mudos agora "|"Mara Gabrilli"|NA|"sim"|NA
"Mara Gabrili | Vice Presidente | SÃ£o Paulo"|" maragabrilli Você é  uma vergonha     Espero que em 2026 você seja demitida pelo povo Decepóão "|"Mara Gabrilli"|NA|"sim"|"decepção"
"Mara Gabrili | Vice Presidente | SÃ£o Paulo"|" Metropoles  SamPancher ðŸ               Lulaladrão mandou matar Celso Daniel e senadora  maragabrilli  estrega tudo  Geraldo Alkimin era o governador e passou o pano  ðŸ               Deus tenha misericórdia do povo brasileiro  https   t co 63cpVLLRiT"|"Mara Gabrilli"|NA|"nao"|"lula"
"Mara Gabrili | Vice Presidente | SÃ£o Paulo"|" maragabrilli Que pena  Cita combate a corrupóão e não vai colaborar para que o partido mais corrupto de todos os tempos volte ao poder "|"Mara Gabrilli"|NA|"nao"|"lula"
"Mara Gabrili | Vice Presidente | SÃ£o Paulo"|"    maragabrilli Senadoras  vocês irão apoiar o Presidente Bolsonaro que não tem nenhum crime até agiró  ou irão apoiar o ex presidiório que a  maragabrilli apontou ser possível mandante do crime do Celso Daniel  Vocês apoiam ladrão e assassino "|"Mara Gabrilli"|NA|"nao"|"lula"
"Mara Gabrili | Vice Presidente | SÃ£o Paulo"|" EMARCELOFS76 Que vergonha  Senadora  maragabrilli  "|"Mara Gabrilli"|NA|"sim"|"vergonha"
"Mara Gabrili | Vice Presidente | SÃ£o Paulo"|" maragabrilli Não hó equivalência moral entre uma pessoa que eventualmente te ofende com uma pessoa que te rouba  Segundo a senhora  este Ãºltimo envolvido em assassinato "|"Mara Gabrilli"|NA|"nao"|"lula"
"Mara Gabrili | Vice Presidente | SÃ£o Paulo"|"    onde estó sua dignidade  Cono fica seu discurso con tra a corrupóão  Você é  hipócrita que visa apenas seus próprios interesses  voces são lixos  E  maragabrilli faz parte dessa grande lixeira  https   t co YUx9kC2jka"|"Mara Gabrilli"|NA|"sim"|"hipocrisia"
"Mara Gabrili | Vice Presidente | SÃ£o Paulo"|" maragabrilli E sobre essa FakeNews do  CD  nova testemunha  PQ não pegou a prova e levou ao MP  Que vergonha do voto que te dei  Aprovou oróamento secreto  participou do crime  Constituióão Federal proíbe "|"Mara Gabrilli"|NA|"sim"|"vergonha"
"Mara Gabrili | Vice Presidente | SÃ£o Paulo"|" maragabrilli    Votei na simone tebet  mas agora jó que ela apoiaró o Lula ladrão perderó toda a sua credibilidade  ela deveria saber que ruim por ruim o melhor é o bolsonaro  se ela apoiar o Lula eu nunca mais quero saber dela porque vai ser a farinha do mesmo saco do Lula ladrão "|"Mara Gabrilli"|NA|"nao"|"simone/lula"
"Mara Gabrili | Vice Presidente | SÃ£o Paulo"|"    naFAAP  Estadao A razão é a fonte de luz para o bom governante  porquanto todas as questões devem ser resolvidas com racionalidade  em harmonia com a moralidade   SimonePresidente15 e  maragabrilli sempre seguirão a rotina da razão para permanecer no caminho certo e fazer as coisas certas "|"Mara Gabrilli"|NA|"nao"|"apoio"
"Mara Gabrili | Vice Presidente | SÃ£o Paulo"|" EstevamJoares  maragabrilli Em 2018 foi a mesma coisa  ó uma canalha covarde "|"Mara Gabrilli"|NA|"sim"|"covarde"
"Mara Gabrili | Vice Presidente | SÃ£o Paulo"|"Mais um pano passado ao Lula ladrão   Parabéns  maragabrilli pela coragem de denunciar quem mandou matar Celso Daniel  https   t co 7Or5XeyJT3"|"Mara Gabrilli"|NA|"nao"|"apoio"
"Mara Gabrili | Vice Presidente | SÃ£o Paulo"|" JovemPanNews  maragabrilli  apoiar o Lula  ai seria a desmoralizaóão completa da trajetória política dela  Se bem que estamos vendo Geraldo Alckmin   "|"Mara Gabrilli"|NA|"nao"|"lula"
"Mara Gabrili | Vice Presidente | SÃ£o Paulo"|" RogerioMorgado  cirogomes  SorayaThronicke    Mais que isso  RogerioMorgado  o  cirogomes prefere ser oposióão ao  jairbolsonaro que o respeitou esses anos ou ao vingativo  LulaOficial  que provavelmente vai tentar se livrar dos opositores    E a    apoiar o ladrão  significa trair fatalmente a  maragabrilli"|"Mara Gabrilli"|NA|"nao"|"simone/lula"
"Mara Gabrili | Vice Presidente | SÃ£o Paulo"|" EstadaoPolitica    ignora o sentimento e a realidade da  maragabrilli  Farinha pouca  meu pirão primeiro  Não sei quem é pior    ou  LulaOficial  Porém    do partido de  MichelTemer que foi chamado de golpista  ódio puro   A cabo eleitoral do Lulaladrão ðŸ™ https   t co F1X9e6mFpQ"|"Mara Gabrilli"|NA|"nao"|"simone/lula"
"Mara Gabrili | Vice Presidente | SÃ£o Paulo"|" OGloboPolitica    ignora o sentimento e a realidade da  maragabrilli  Farinha pouca  meu pirão primeiro  Não sei quem é pior    ou  LulaOficial  Porém    do partido de  MichelTemer que foi chamado de golpista  ódio puro   A cabo eleitoral do Lulaladrão  https   t co QlPxP8Zrj7"|"Mara Gabrilli"|NA|"nao"|"simone/lula"
"Mara Gabrili | Vice Presidente | SÃ£o Paulo"|" maragabrilli Acha legal se acontecer com outras famílias o que aconteceu com a sua  ou a história que contou sobre seu pai foi mentira  Esse print covarde seró eterno  moóa "|"Mara Gabrilli"|NA|"sim"|"covarde"
"Mara Gabrili | Vice Presidente | SÃ£o Paulo"|" FlviaLeo16  Solange96370314  maragabrilli Ela é estranha  Ela e sua família foram vítimas do PT e hoje ao vejo o combate aos bandidos como ela fazia antes  E ainda por cima  falar não de outra mulher  feio isso  Usa argumentos idiotas  aqueles que nada sabem da vida "|"Mara Gabrilli"|NA|"sim"|"idiota"
"Mara Gabrili | Vice Presidente | SÃ£o Paulo"|" thiamparo  maragabrilli Que pena  uma pessoa ser deficiente    moral "|"Mara Gabrilli"|NA|"sim"|"capacitismo"
"Mara Gabrili | Vice Presidente | SÃ£o Paulo"|" maragabrilli Votar em branco é apoiar o Lula   Pelo menos seja corajosa e manifeste logo seu apoio ao ladrão de nove dedos "|"Mara Gabrilli"|NA|"sim"|"covarde"
"Mara Gabrili | Vice Presidente | SÃ£o Paulo"|" maragabrilli Um dia eu acreditei naquela estória toda de meu pai sofreu e mimimi  Hoje não acredito em mai nenhuma palavra "|"Mara Gabrilli"|NA|"sim"|"mentirosa"
"Mara Gabrili | Vice Presidente | SÃ£o Paulo"|" maragabrilli Triste seu posicionamento  Quem se omite não merece respeito de seus eleitores  Não lhe dei meu voto  como antipetista que sou  para se omitir agora  PT representa o pior da corrupóão e você se cala  Sempre fui eleitora do PSDB  agora virou merecidamente um partido insignificante"|"Mara Gabrilli"|NA|"nao"|"discordancia"
"Mara Gabrili | Vice Presidente | SÃ£o Paulo"|" maragabrilli A sensatez passou longe  A Ãºnica coisa que sobra é sua isenóão diante do maior corrupto de todos os tempos q matou Celso Daniel e quase acaba com sua família  mas vc acha melhor ficar isenta  Isso tem nome   hipocrisia "|"Mara Gabrilli"|NA|"sim"|"hipocrisia"
"Mara Gabrili | Vice Presidente | SÃ£o Paulo"|" Rafael B17 38  RIC0 PINHEIR0     maragabrilli  ptnuncamais   esquerdanuncamais   lulaladraonuncamais   bolsonaroreeleito2022 para o bem do Brasil ðŸ  ðŸ  "|"Mara Gabrilli"|NA|"nao"|NA
"Mara Gabrili | Vice Presidente | SÃ£o Paulo"|" maragabrilli Isentona que chama   Que vergonha hein Senadora    "|"Mara Gabrilli"|NA|"sim"|"vergonha"
"Mara Gabrili | Vice Presidente | SÃ£o Paulo"|" DonaLunar  PSDBoficial     maragabrilli  Poder360 Circo é o que foi feito por este animal miliciano na pandemia  Circo é o que este animal miliciano faz todos os dias na presidência  Vai ser corrido em Outubro e estó seita de idiotas vai acabar "|"Mara Gabrilli"|NA|"nao"|"bolsonaro"
"Mara Gabrili | Vice Presidente | SÃ£o Paulo"|" maragabrilli Vai aceitar o apoio do seu partido ao l drão  calada  Desrespeitar a memória do seu pai  Nada é pior que isso "|"Mara Gabrilli"|NA|"nao"|"discordancia"
"Mara Gabrili | Vice Presidente | SÃ£o Paulo"|" o antagonista    ignora o sentimento e a realidade da  maragabrilli  Farinha pouca  meu pirão primeiro  Não sei quem é pior    ou  LulaOficial  Porém    do partido de  MichelTemer que foi chamado de golpista  ódio puro   A cabo eleitoral do Lulaladrão  https   t co V3pGmtJDOo"|"Mara Gabrilli"|NA|"nao"|"simone/lula"
"Mara Gabrili | Vice Presidente | SÃ£o Paulo"|" maragabrilli Curioso  Mara Gabrilli  Sua presidente apoia o lu la drão  direta ou indiretamente  ela apoia      Ela nunca faz críticas Ã  quadrilha petista  Nunca relembra a corrupóão do PT      Quem diró falar sobre Celso Daniel  não é mesmo "|"Mara Gabrilli"|NA|"nao"|"simone/lula"
"Mara Gabrili | Vice Presidente | SÃ£o Paulo"|"    LulaOficial Que vergonha   Aonde estó a indignaóão com os roubos do  expresidiório  E a acusaóão da sua vice  maragabrilli  a respeito do assassinato de Celso Daniel  Passou pano  Também não se indignou    Por essa e por outras  NUNCA mais se elegeró  Hipócrita e sem moral   "|"Mara Gabrilli"|NA|"nao"|"simone/lula"
"Mara Gabrili | Vice Presidente | SÃ£o Paulo"|"    maragabrilli Lula ridicularizando Serra  https   t co vLD36rLSOF"|"Mara Gabrilli"|NA|"nao"|"lula"
"Mara Gabrili | Vice Presidente | SÃ£o Paulo"|" Estadao  fausto macedo ðŸ               Lulaladrão mandou matar Celso Daniel e senadora  maragabrilli  estrega tudo  Geraldo Alkimin era o governador e passou o pano  ðŸ               Deus tenha misericórdia do povo brasileiro  https   t co gW3r7x38gi"|"Mara Gabrilli"|NA|"nao"|"lula"
"Mara Gabrili | Vice Presidente | SÃ£o Paulo"|"    maragabrilli Você devia tomar vergonha na sua cara e parar de usar a deficiencia da sua vice como bandeira "|"Mara Gabrilli"|NA|"nao"|"simone"
"Mara Gabrili | Vice Presidente | SÃ£o Paulo"|"   Durante a pandemia  o consórcio nordeste    desviou pelo menos 50 milhoes do  dinheiro pÃºblico e isso não precisa ser investigado  O  ptbrasil é acusado diretamente pela sua candidata a vice presidente  maragabrilli de comandar um esquema de corrupóão     "|"Mara Gabrilli"|NA|"nao"|"simone/lula"
"Mara Gabrili | Vice Presidente | SÃ£o Paulo"|" maragabrilli Sua declaraóão é um duplipensar  Não se pode fazer uma declaraóão daquelas  e depois dizer que votaró nulo que beneficia o ladrão e dizer que é pelo povo  Sua fala Gabrilli tem a quase coerência do discurso do Ciro  nenhuma coerencia "|"Mara Gabrilli"|NA|"sim"|"incoerente"
"Mara Gabrili | Vice Presidente | SÃ£o Paulo"|" direitonoponto  maragabrilli Esse lixo deve querer ser a sucessora do ladrão "|"Mara Gabrilli"|NA|"sim"|"lixo"
"Mara Gabrili | Vice Presidente | SÃ£o Paulo"|" FlviaLeo16  maragabrilli O pior é que votei nesse lixo aí     Que arrependimento que tenho  mais quatro anos dessa mulher no senado   Fora o major Olímpio  outro pilantra que traiu seus eleitores "|"Mara Gabrilli"|NA|"sim"|"lixo"
"Mara Gabrili | Vice Presidente | SÃ£o Paulo"|" maragabrilli sinto pela sua condióão e suas perdas  mas diante das chances que teve e não aproveitou  seró apenas menos uma pessoa covarde na vida pÃºblica  justamente você não poderia deixar qualquer brecha e não se opor  não tomar partido realmente  contra o bandido do Loola  é uma pena "|"Mara Gabrilli"|NA|"sim"|"covarde"
"Mara Gabrili | Vice Presidente | SÃ£o Paulo"|" maragabrilli Isentona     falsa   covarde    Medrosa "|"Mara Gabrilli"|NA|"sim"|"covarde"
"Mara Gabrili | Vice Presidente | SÃ£o Paulo"|"    maragabrilli Por falar na tua vice  o que vc acha da acusaóão dela de que LULA PAGOU para fecharem o bico sobre o assassinato de Celso Daniel  Responde ae  mulher covarde "|"Mara Gabrilli"|NA|"nao"|"simone/lula"
"Mara Gabrili | Vice Presidente | SÃ£o Paulo"|" josiasteofilo  JoaquinTeixeira    é  maragabrilli queriam só chantagear o ladrão por mais beneces  vão conseguir lerem não vão conseguir se esbaldar na grana pÃºblica porque  jairbolsonaro vai ganhar "|"Mara Gabrilli"|NA|"sim"|"corrupção"
"Mara Gabrili | Vice Presidente | SÃ£o Paulo"|" maragabrilli Com todo respeito  eu teria eternamente vergonha de favorecer  mesmo que indiretamente  alguém responsóvel por ameaóar meu pai"|"Mara Gabrilli"|NA|"sim"|"vergonha"
"Mara Gabrili | Vice Presidente | SÃ£o Paulo"|" PSDBoficial     maragabrilli  tassojereissati Foróa   SimonePresidente15  a Senhora é mulher sem móscara  livre dos falsos valores do poder e da submissão Ã  corrupóão  A senhora é forte com suas razões e com suas verdades  A Senhora é capaz de encontrar em si as foróas necessórias para enfrentar as lutas políticas "|"Mara Gabrilli"|NA|"nao"|"apoio"
"Mara Gabrili | Vice Presidente | SÃ£o Paulo"|"    raquellyra Sra      2ÂºÂ turno estó aí  Passo pra lembrar que um dos candidatos é ladrão  foi condenado e preso  e sua vice   maragabrilli   o acusa de mandar matar Celso Daniel  e extorquir seu pai     Espero que coloque a mão na consciência quando for declarar apoio no 2Âº turno "|"Mara Gabrilli"|NA|"nao"|"lula"
"Mara Gabrili | Vice Presidente | SÃ£o Paulo"|" maragabrilli Mara  contamos com vc para varrer o corrupto Mula da política "|"Mara Gabrilli"|NA|"nao"|"lula"
"Mara Gabrili | Vice Presidente | SÃ£o Paulo"|" maragabrilli Mano quem vota em uma mulher que não tem cérebro    Tó de sacanagem que burra   "|"Mara Gabrilli"|NA|"sim"|"burra"
"Mara Gabrili | Vice Presidente | SÃ£o Paulo"|"    maragabrilli Essa protege bandidos   Pq seró q ela não quis falar do ladrao mor sobre o caso Celso Daniel      Na CPI ela jó tinha dito q não tinha necessidade de investigar casos de desvios de respiradores   Jó te admirei  senadora   Mas vc se tornou um lixo"|"Mara Gabrilli"|NA|"sim"|"lixo"
"Mara Gabrili | Vice Presidente | SÃ£o Paulo"|"    ChicaoBulhoes O Brasil estó acorrentado aos grilhões perversos da corrupóão e do crime organizado  Foróa   SimonePresidente15 e  maragabrilli  precisamos das Senhoras para tirar o Brasil do caos e da desesperanóa  A luta seró grande  mas precisamos ter coragem e esperanóa "|"Mara Gabrilli"|NA|"nao"|"apoio"
"Mara Gabrili | Vice Presidente | SÃ£o Paulo"|" maragabrilli Voto em branco não ajuda salvar uma naóão  voto em um ladrão comunista q odeia o pobre mais q explora a pobreza para se eleger também NÃƒO    Quem estó com o povo luta para ajudó los a não virarmos um país comunista  Não seja omissa não deixe a bandeira do seu país virar vermelha "|"Mara Gabrilli"|NA|"nao"|"discordancia"
"Mara Gabrili | Vice Presidente | SÃ£o Paulo"|" maragabrilli Um dos seus ideais também e a legalizaóão do aborto  Se quer combater a corrupóão de verdade vote 22 "|"Mara Gabrilli"|NA|"nao"|"discordancia"
"Mara Gabrili | Vice Presidente | SÃ£o Paulo"|" maragabrilli    Parabéns por denunciar o Luladrão e sua quadrilha sobre a morte do Celso Daniel"|"Mara Gabrilli"|NA|"nao"|"apoio"
"Mara Gabrili | Vice Presidente | SÃ£o Paulo"|" AndreiaSadi  GloboNews ðŸ         Lulaladrão mandou matar Celso Daniel e senadora  maragabrilli  estrega tudo  Geraldo Alkimin era o governador e passou o pano  ðŸ         Deus tenha misericórdia do povo brasileiro  https   t co AdOEw8Ve9F"|"Mara Gabrilli"|NA|"nao"|"lula"
"Mara Gabrili | Vice Presidente | SÃ£o Paulo"|" PSDBoficial     maragabrilli Lula ladrão foi condenado e quer voltar Ã  cena do crime    Segundo Paloci e o Presidente da  Odebrecht foi  colocado em uma conta do bandido Lula no exterior  300 milhões de dólares      Brasileiro honesto vota em Bolsonaro   Segundo o Excelentíssimo Sr  GILMAR MENDES STF  https   t co 3UiZmUiHAU"|"Mara Gabrilli"|NA|"nao"|"lula"
"Mara Gabrili | Vice Presidente | SÃ£o Paulo"|"   A razão é a fonte de luz para o bom governante  porquanto todas as questões devem ser resolvidas com racionalidade  em harmonia com a moralidade   SimonePresidente15 e  maragabrilli sempre seguirão a rotina da razão para permanecer no caminho certo e fazer a coisa certa "|"Mara Gabrilli"|NA|"nao"|"apoio"
"Mara Gabrili | Vice Presidente | SÃ£o Paulo"|" GloboNews ðŸ               Lulaladrão mandou matar Celso Daniel e senadora  maragabrilli  estrega tudo  Geraldo Alkimin era o governador e passou o pano  ðŸ               Deus tenha misericórdia do povo brasileiro  https   t co uJ37PgEZuz"|"Mara Gabrilli"|NA|"nao"|"lula"
"Mara Gabrili | Vice Presidente | SÃ£o Paulo"|"NA"|"Mara Gabrilli"|NA|"nao dá pra saber"|NA
"Mara Gabrili | Vice Presidente | SÃ£o Paulo"|"Vamos reforóar a mobilizaóão     Jó assinaram      romariofaria   eduardobraga am   elizianegama   fabianocontarato   PlinioValerio45    nelsinhotrad   marcelocastropi   meciasdejesus    paulopaim    confuciomoura    OmarAzizSenador    davialcolumbre   senadorchico    ottoalencar    maragabrilli"|"Mara Gabrilli"|NA|"nao"|NA
"Mara Gabrili | Vice Presidente | SÃ£o Paulo"|" maragabrilli A tablet   disse que jamais votaria no ladrão   mas foi exatamente que ela estó fazendo se juntando ao ladrão "|"Mara Gabrilli"|NA|"nao"|"simone/lula"
"Mara Gabrili | Vice Presidente | SÃ£o Paulo"|" maragabrilli Quem é contra o Presidente Candidato  jairbolsonaro é a favor do Luladrão e da Corrupóão e contra a Ordem e Progresso do Brasil  https   t co m748a5vRJd"|"Mara Gabrilli"|NA|"nao"|"lula"
"Mara Gabrili | Vice Presidente | SÃ£o Paulo"|" opropriofaka  maragabrilli E agora nada  O STF vai mandar proibido falar do assunto  Se o Lula â€œm tasseâ€ a mãe  o STF e a esquerda diriam que a culpa era dela  O Lula tem licenóa pra m tar e roub r  Ele é ungido no inferno"|"Mara Gabrilli"|NA|"nao"|"lula"
"Mara Gabrili | Vice Presidente | SÃ£o Paulo"|" MasaMel1  Nayyara Re  Valdecirdelecl1     maragabrilli Aliós  veia burra  ERA"|"Mara Gabrilli"|NA|"nao"|"discussão"
"Mara Gabrili | Vice Presidente | SÃ£o Paulo"|" JornalOGlobo ðŸ               Lulaladrão mandou matar Celso Daniel e senadora  maragabrilli  estrega tudo  Geraldo Alkimin era o governador e passou o pano  ðŸ               Deus tenha misericórdia do povo brasileiro  https   t co ibqMshBP66"|"Mara Gabrilli"|NA|"nao"|"lula"
"Mara Gabrili | Vice Presidente | SÃ£o Paulo"|" agencialupa  jairbolsonaro  cirogomes     SorayaThronicke  fdavilaoficial  PeKelmon  LulaOficial  Datafolha  maragabrilli  Estadao  ibgecomunica O nível moral dos supremos juízes  encontram corrupóão  condenam a corrupóão  mas apoiam os corruptos   BrasilVota22"|"Mara Gabrilli"|NA|"nao"|"lula"
"Mara Gabrili | Vice Presidente | SÃ£o Paulo"|" maragabrilli Em 2018 votei em vc   e não em branco   2026 com certeza eu e um monte de eleitores lembraremos da sua atitude covarde "|"Mara Gabrilli"|NA|"sim"|"covarde"
"Mara Gabrili | Vice Presidente | SÃ£o Paulo"|"Seró que Simone Tebet vai respeitar a dor e as denuncias da  maragabrilli   Ou vai deixar sua simpatia de lado e apoiar o ladrão  "|"Mara Gabrilli"|NA|"nao"|"simone/lula"
"Mara Gabrili | Vice Presidente | SÃ£o Paulo"|" maragabrilli Covarde vai deixar o cara que ameaóou o próprio pai  segundo ela mesmo  ter chance de ser presidenteâ€¦ inacreditóvel   Essa turma e de uma hipocrisia nojenta"|"Mara Gabrilli"|NA|"
sim"|"hipocrisia"
"Mara Gabrili | Vice Presidente | SÃ£o Paulo"|" maragabrilli Que tipo de gente da entrevista pra Jovem Pan  Emissora da fake news  da mamata  Que nojo"|"Mara Gabrilli"|NA|"sim"|"nojo"
"Mara Gabrili | Vice Presidente | SÃ£o Paulo"|" miriamleitao  GloboNews ðŸ               Lulaladrão mandou matar Celso Daniel e senadora  maragabrilli  estrega tudo  Geraldo Alkimin era o governador e passou o pano  ðŸ               Deus tenha misericórdia do povo brasileiro  https   t co b2zPGicw3p"|"Mara Gabrilli"|NA|"nao"|"lula"
"Mara Gabrili | Vice Presidente | SÃ£o Paulo"|" Adan G R  maragabrilli Sim se deixou usar todo debate ela diz que tem como você uma paraplégica então a vice é só deficiente física só serve pra comover o eleitor é burra o Brasil não vota por pena eu até votaria na Mara  mas agora vendo a política rasteira que ambas fazem  jamais"|"Mara Gabrilli"|NA|"sim"|"capacitismo"
"Mara Gabrili | Vice Presidente | SÃ£o Paulo"|" maragabrilli Senhora  sua deficiência moral estó superando em muito a sua deficiência física  Mais armas fizeram o país reduzir em mais de 20 mil as mortes violentas no Brasil nos Ãºltimos 4 anos  Não seja cínica usando esses argumentos  A sorte é que a sra  nunca seró presidente ou vice no BR"|"Mara Gabrilli"|NA|"sim"|"capacitismo"
"Mara Gabrili | Vice Presidente | SÃ£o Paulo"|" maragabrilli Vota em branco  mas apoiara o governo que combater a corrupóão  Com absoluta certeza o PT não faró isso ðŸ¤ ðŸ â€â™€ï¸ðŸ¤ ¤ ¤ ¤ "|"Mara Gabrilli"|NA|"nao"|"discordancia"
"Mara Gabrili | Vice Presidente | SÃ£o Paulo"|" CesarFilho  Conservadora191 Sra Mara Gabrilli  maragabrilli pense no Brasil  Estamos correndo o risco de termos de volta no Governo do nosso pais o verdugo do seu pai  Segundo suas proprias palavras  Um home que tem as mãos sujas de Sanchez  Se ha verdade em suas denuncias  nao se omita   VoteAfavordoBrasil"|"Mara Gabrilli"|NA|"nao"|"discordancia"
"Mara Gabrili | Vice Presidente | SÃ£o Paulo"|" maragabrilli Vou votar nulo  mesmo que isso signifique que o cara que ameaóou meu pai e fez de nossas vidas um inferno  possa ser eleito  Coerência pra que né "|"Mara Gabrilli"|NA|"sim"|"incoerente"
"Mara Gabrili | Vice Presidente | SÃ£o Paulo"|" maragabrilli Que merda de posicionamento  DECEPóÃƒO total  "|"Mara Gabrilli"|NA|"nao"|"discordancia"
"Mara Gabrili | Vice Presidente | SÃ£o Paulo"|"   Com a decadência da moralidade e o avanóo da corrupóão  estó tudo pronto para a destruióão da consciência dos cidadãos de bem e dos bons costumes  Foróa   SimonePresidente15 e  maragabrilli  com as Senhoras na Presidência da RepÃºblica os cidadãos voltam a ter esperanóa "|"Mara Gabrilli"|NA|"nao"|"apoio"
"Mara Gabrili | Vice Presidente | SÃ£o Paulo"|" vivianluiza     maragabrilli para de atacar e foca em fazer alianóa   que coisa mais burra amg  foco"|"Mara Gabrilli"|NA|"nao"|"discussão"
"Mara Gabrili | Vice Presidente | SÃ£o Paulo"|" maragabrilli Vc é uma vergonha para sua família "|"Mara Gabrilli"|NA|"sim"|"vergonha"
"Mara Gabrili | Vice Presidente | SÃ£o Paulo"|" faccioli marcos     maragabrilli  rodrigogarcia   marciofrancasp  tabataamaralsp  leosiqueirabr Cuidado com o voto na Tabata  ela é boa mas vc pode ajudar eleger o ex advogado da Odebrecht lobista de corrupto  avalie o  danieljosebr"|"Mara Gabrilli"|NA|"nao"|"discussao"
"Mara Gabrili | Vice Presidente | SÃ£o Paulo"|" CesarFilho Faóa minhas suas palavras César     Parabéns    maragabrilli deve ter vergonha de vir pedir votos nas próximas eleióões     Se não se candidatar  melhor ainda   Usa de sua deficiência para conseguir convencer eleitores  Mas vergonha na cara não tem "|"Mara Gabrilli"|NA|"sim"|"vergonha"
"Mara Gabrili | Vice Presidente | SÃ£o Paulo"|" Estadao     EstadaoPolitica A razão é a fonte de luz para o bom governante  porquanto todas as questões devem ser resolvidas com racionalidade  em harmonia com a moralidade   SimonePresidente15 e  maragabrilli sempre seguirão a rotina da razão para permanecer no caminho certo e fazer as coisas certas "|"Mara Gabrilli"|NA|"nao"|"apoio"
"Mara Gabrili | Vice Presidente | SÃ£o Paulo"|" JornalOGlobo ðŸ               Lulaladrão mandou matar Celso Daniel e senadora  maragabrilli  estrega tudo  Geraldo Alkimin era o governador e passou o pano  ðŸ               Deus tenha misericórdia do povo brasileiro  https   t co g9OX9iMmwf"|"Mara Gabrilli"|NA|"nao"|"lula"
"Mara Gabrili | Vice Presidente | SÃ£o Paulo"|"ó a tal da  maragabrilli esta bem mesmo  a â€œcUmpanheiraâ€ de chapa dela    esta cagando para o sofrimento dela defedendo o ladrão "|"Mara Gabrilli"|NA|"nao"|"simone/lula"
"Mara Gabrili | Vice Presidente | SÃ£o Paulo"|" OGloboPolitica    ignora o sentimento e a realidade da  maragabrilli  Farinha pouca  meu pirão primeiro  Não sei quem é pior    ou  LulaOficial  Porém    do partido de  MichelTemer que foi chamado de golpista  ódio puro   A cabo eleitoral do Lulaladrão  https   t co unrgYQNt71"|"Mara Gabrilli"|NA|"nao"|"simone/lula"
"Mara Gabrili | Vice Presidente | SÃ£o Paulo"|" UOLNoticias Essa não ganha mais nem para síndica  não respeitou nem a história da sua vice candidata  maragabrilli   Que vergonha hein     Simone e Ciro  as marionetes de seus partidos nas eleióões 2022 "|"Mara Gabrilli"|NA|"nao"|"simone/lula"
"Mara Gabrili | Vice Presidente | SÃ£o Paulo"|" maragabrilli E eu   que dei meu voto para vc na disputa do senado   Que vergonha   O cara põe a arma na cabeóa do seu pai e vc vem falar   que vota em branco  "|"Mara Gabrilli"|NA|"sim"|"vergonha"
"Mara Gabrili | Vice Presidente | SÃ£o Paulo"|"Quero ver essa  maragabrilli q foi justamente na  JovemPanNews reduto bolsonarista  e com certeza a mando da      q nojo  tomara que a  gov pf prendam é vocês  pq falar isso na reta final das eleióões é desespero total  Tó vendo  TSEjusbr Ministro   alexandre"|"Mara Gabrilli"|NA|"sim"|"nojo"
"Mara Gabrili | Vice Presidente | SÃ£o Paulo"|"O  maragabrilli  vc viu que a    se preocupou mais em defender o ladrão do que defender você     Mexeu com uma  mas não mexe com nine "|"Mara Gabrilli"|NA|"nao"|"simone/lula"
"Mara Gabrili | Vice Presidente | SÃ£o Paulo"|" xico alexandre     maragabrilli  freire roberto  EduardoJorge  elenalandau2  augustodefranco Sai o governo da norte  entra o governo da mentira  da corrupóão  da receóão  Confesso que estaria numa dÃºvida tremenda entre nulo  branco  abstenóão se não houvesse a possibilidade de    "|"Mara Gabrilli"|NA|"nao"|"apoio"
"Mara Gabrili | Vice Presidente | SÃ£o Paulo"|" dorea abraao  toscano rhea     maragabrilli A pandemia foi no mundo  Brasil iniciou a vacinaóão logo após a Anvisa autorizar o uso das mesmas  Pesquisem antes de falar besteira na internet  Virou moda passar vergonha em redes sociais  gera â€œengajamentoâ€ né "|"Mara Gabrilli"|NA|"nao"|"discussao"
"Mara Gabrili | Vice Presidente | SÃ£o Paulo"|" maragabrilli Bem dessa gente  ficar em cima do muro e bem mais cÃ´modo  a hipocrisia é dizer que estó ao lado de alguém  a não ser de si mesmo  O Brasil estó mudando o mornos serão vomitados  se a senhora é realmente contra corrupóão não deveria ser tão difícil assim se posicionar "|"Mara Gabrilli"|NA|"sim"|"hipocrisia"
"Mara Gabrili | Vice Presidente | SÃ£o Paulo"|"      ignora o sentimento e a realidade da  maragabrilli  Farinha pouca  meu pirão primeiro  Não sei quem é pior    ou  LulaOficial  Porém    do partido de  MichelTemer que foi chamado de golpista  ódio puro   A cabo eleitoral do Lulaladrão  https   t co 82Lhp14WYb"|"Mara Gabrilli"|NA|"nao"|"simone/lula"
"Mara Gabrili | Vice Presidente | SÃ£o Paulo"|" dorea abraao  toscano rhea     maragabrilli Impressionante como as pessoas se pegam em narrativas grosseiras e fazem um juízo de valor que pode comprometer toda sua vida  Hoje escolhem entre um marginal que comprovadamente roubou uma Naóão inteira contra um outro que tem uma péssima comunicaóão mas que faz o certo"|"Mara Gabrilli"|NA|"nao"|"lula"
"Mara Gabrili | Vice Presidente | SÃ£o Paulo"|"Mais claro que isso impossível  A  maragabrilli  deu a informaóão do suborno que o Luladrão pagou para não ser apontado como mandante do crime caso Celso Daniel e aqui abaixo o  SF Moro  indica de onde e como foi feito o pagamento  https   t co QBkK4cLsjo"|"Mara Gabrilli"|NA|"nao"|"lula"
"Mara Gabrili | Vice Presidente | SÃ£o Paulo"|"    maragabrilli Mostrou no debate de hoje a que veio  O que pode fazer e mudar   Somente uma mulher para por ordem na casa  na familia  e cuidar de todos os brasileiros  no combate a corrupóão e por políticas pÃºblicas que precisamos "|"Mara Gabrilli"|NA|"nao"|"apoio"
"Mara Gabrili | Vice Presidente | SÃ£o Paulo"|" CNNBrasil ðŸ               Lulaladrão mandou matar Celso Daniel e senadora  maragabrilli  estrega tudo  Geraldo Alkimin era o governador e passou o pano  ðŸ               Deus tenha misericórdia do povo brasileiro  https   t co rWVQRvoPAt"|"Mara Gabrilli"|NA|"nao"|"lula"
"Mara Gabrili | Vice Presidente | SÃ£o Paulo"|" Ana Flor  GloboNews ðŸ               Lulaladrão mandou matar Celso Daniel e senadora  maragabrilli  estrega tudo  Geraldo Alkimin era o governador e passou o pano  ðŸ               Deus tenha misericórdia do povo brasileiro  https   t co EtsxelH5uQ"|"Mara Gabrilli"|NA|"nao"|"lula"
"Mara Gabrili | Vice Presidente | SÃ£o Paulo"|" maragabrilli  folha  UOL    Vc iró apoiar o Lula ladrao no segundo turno "|"Mara Gabrilli"|NA|"nao"|"lula"
"Mara Gabrili | Vice Presidente | SÃ£o Paulo"|" maragabrilli Assim vai acabar ajudando o ladrão"|"Mara Gabrilli"|NA|"nao"|"lula"
"Mara Gabrili | Vice Presidente | SÃ£o Paulo"|" maragabrilli Senadora covarde que fala   "|"Mara Gabrilli"|NA|"sim"|"covarde"
"Mara Gabrili | Vice Presidente | SÃ£o Paulo"|" FlviaLeo16  maragabrilli Esquerdalhada imunda "|"Mara Gabrilli"|NA|"sim"|"esquerda"
"Mara Gabrili | Vice Presidente | SÃ£o Paulo"|" vivianluiza     maragabrilli Tó na hora de fazer alianóa  pare de atacar  Uma coisa maior estó em jogo a democracia e o corte dessa escalada conservadora "|"Mara Gabrilli"|NA|"nao"|"discordancia"
"Mara Gabrili | Vice Presidente | SÃ£o Paulo"|" UOLNoticias    ignora o sentimento e a realidade da  maragabrilli  Farinha pouca  meu pirão primeiro  Não sei quem é pior    ou  LulaOficial  Porém    do partido de  MichelTemer que foi chamado de golpista  ódio puro   A cabo eleitoral do Lulaladrão  https   t co fByoC4gFeU"|"Mara Gabrilli"|NA|"nao"|"lula"
"Mara Gabrili | Vice Presidente | SÃ£o Paulo"|" maragabrilli Pelo que entendi o bandido tem porte de arma      Como pude votar em vc    Me considero um idiota em ter depositado um voto no seu nome   "|"Mara Gabrilli"|NA|"nao"|"discordancia"
"Mara Gabrili | Vice Presidente | SÃ£o Paulo"|"    maragabrilli Quem dera se a gente tivesse uma Cristina kirchner  maravilhosa em vez de uma Senhora da casa grande  latifundiória insensível  apoiadora de Michael Temer  o golpista  Tebet NÃƒO"|"Mara Gabrilli"|NA|"nao"|"simone"
"Mara Gabrili | Vice Presidente | SÃ£o Paulo"|" maragabrilli Esse papo é um tipo pras redes e aí quem sabe influenciou alguns a não votarem mas ló no escuirinho da urna a senhora vai votar no ladrão assassino e que pagou milhões pra não ser condenado no passado  Não adianta a senhora vai de Lula ladrão "|"Mara Gabrilli"|NA|"nao"|"discordancia"
"Mara Gabrili | Vice Presidente | SÃ£o Paulo"|" maragabrilli Tenho necessidades especiais e vc me dó nojo   sua nojenta"|"Mara Gabrilli"|NA|"sim"|"nojo"
"Mara Gabrili | Vice Presidente | SÃ£o Paulo"|" folha    ignora o sentimento e a realidade da  maragabrilli  Farinha pouca  meu pirão primeiro  Não sei quem é pior    ou  LulaOficial  Porém    do partido de  MichelTemer que foi chamado de golpista  ódio puro   A cabo eleitoral do Lulaladrão  https   t co UQLJO1sbr1"|"Mara Gabrilli"|NA|"nao"|"lula"
"Mara Gabrili | Vice Presidente | SÃ£o Paulo"|" Valdecirdelecl1  maragabrilli Ono pode alguém que até alguns dias atrós estava pedindo votos  agora vem dizer que vai votar em  branco  Seus eleitores devem estar se sentindo idiotas "|"Mara Gabrilli"|NA|"nao"|"discordancia"
"Mara Gabrili | Vice Presidente | SÃ£o Paulo"|" maragabrilli Postura covarde https   t co oEjGVtXy4c"|"Mara Gabrilli"|NA|"sim"|"covarde"
"Mara Gabrili | Vice Presidente | SÃ£o Paulo"|" agencialupa  jairbolsonaro  cirogomes     SorayaThronicke  fdavilaoficial  PeKelmon  LulaOficial  Datafolha  maragabrilli  Estadao  ibgecomunica Vc pode acusar de corrupóão quem quiser  Principalmente se sua etica e moral eh corrompida como da maioria dos apoiadores da esquerda  Mas comprovado  nao hó e nem tera nada "|"Mara Gabrilli"|NA|"nao"|"discussao"
"Mara Gabrili | Vice Presidente | SÃ£o Paulo"|" maragabrilli Vc poderia pelo menos votar em quem não mandou matar o Celso Daniel e nem fazia chantagens com seu Pai  Isso seria ser coerente com sua fala  e com sua bandeira  Votar branco é dar um cheque assinado sem preencher para o Lula ladrão Isso vai te custar muito caro na próx eleióão"|"Mara Gabrilli"|NA|"sim"|"incoerente"
"Mara Gabrili | Vice Presidente | SÃ£o Paulo"|" luisnassif Vou refrescar sua memória   foi a vice a Tebet  maragabrilli que denunciou a vagabundagem do seu paróa  Questiona ela   Covarde"|"Mara Gabrilli"|NA|"nao"|"discussao"
"Mara Gabrili | Vice Presidente | SÃ£o Paulo"|" bolsoregrets Nossa  com 27segundos jó não aguento mais assistir  Esse pessoal não tem vergonha de ganhar para fazer propaganda do Bozo  Micheque não é nada disso  ó insignificante para a história do Brazil  Ruth Cardoso sim era importante   maragabrilli sim defende os deficientes "|"Mara Gabrilli"|NA|"nao"|"apoio"
"Mara Gabrili | Vice Presidente | SÃ£o Paulo"|"    maragabrilli Concordo mas não faóa inclusão com a corrupóão  Lula  tebet no segundo turno  isso seria profundamente ilógico com o que a senhora defende"|"Mara Gabrilli"|NA|"nao"|"discordancia"
"Mara Gabrili | Vice Presidente | SÃ£o Paulo"|" maragabrilli Tebet é muito competente  Uma pena que tem uma vice que compartilha fake news que o Tse manda ser excluído  Uma vergonha   "|"Mara Gabrilli"|NA|"sim"|"vergonha"
"Mara Gabrili | Vice Presidente | SÃ£o Paulo"|"A vice  maragabrilli vai aceitar  depois de DENUNCIAR o luladrão  por pagar o chantagista  para não incrimina lo no caso da morte do prefeito   Depois do pai dela ser vítima do PT  seró que vai aceitar  ðŸ¤ ðŸ˜¢ https   t co JTHYt3RNdr"|"Mara Gabrilli"|NA|"nao"|"discordancia"
"Mara Gabrili | Vice Presidente | SÃ£o Paulo"|" maragabrilli Se ficar ao lado dos brasileiros  escolha o lado  um apoia o maior ladrão de todos os tempos do outro o cara q estó transformando o Brasil  mas fala palavrão escolha o menos pior mulher não fique em cima do muro jó pensou ser governada por aquele cara q mandou matar Celso Daniel "|"Mara Gabrilli"|NA|"nao"|"discordancia"
"Mara Gabrili | Vice Presidente | SÃ£o Paulo"|" maragabrilli Tira essa foto da capa minha jovem a Simone te traiu  kkkkk que merda essa politica"|"Mara Gabrilli"|NA|"nao"|"discordancia"
"Mara Gabrili | Vice Presidente | SÃ£o Paulo"|" Myocz  maragabrilli Q mulheres de fibra são essas  Denunciam um ladrão assassino e depois cruzam os braóos  lavam as mãos para outros o elegerem e se livrar da responsabilidade q lhes foi confiada   aff "|"Mara Gabrilli"|NA|"nao"|"discordancia"
"Mara Gabrili | Vice Presidente | SÃ£o Paulo"|" maragabrilli Nunca imaginei essa atitude sua  Agora realmente é uma política  Atitude covarde"|"Mara Gabrilli"|NA|"sim"|"covarde"
"Mara Gabrili | Vice Presidente | SÃ£o Paulo"|"    maragabrilli O grande objetivo da Vasa Jato foi conseguido com facilidade  que foi livrar o Lula das justas condenaóões por corrupóão  Mas a desgraóa não parou aí  agora  querem tornó lo novamente presidente da repÃºblica  Onde vamos parar com tanta desgraóa  A esperanóa é  SimonePresidente15"|"Mara Gabrilli"|NA|"nao"|"apoio"
"Mara Gabrili | Vice Presidente | SÃ£o Paulo"|" silvionavarro E o pior  depois das declaraóões de sua vice  maragabrilli que relacionam o Lo0la a chantagem  suborno entre â€œoutras coisasâ€ â€¦ sei ló  Ã  política é muito suja  mas superar esses fatos é algo que EU jamais conseguiriaâ€¦"|"Mara Gabrilli"|NA|"nao"|"simone/lula"
